Area,Society,OWC_Code,Subsistence,Year of observation,Location,Location(type),Age of learner,Age group of learner,Number of learner,Age of model,Age group of model,Number of model,Transmission modes_cat,Social relationship,Transmission bias_cat,Learning process,Learning process_cat,Time spent,Technology_cat,Technology,Raw material,Note,Reference
Central Africa,Barundi,FO58,Horticulturalists,1911,NA,NA,NA,NA,Single,NA,adulthood,Single,Vertical,father,Kin-based,NA,NA,NA,metal working,blacksmithing,Metal,restricted to the oldest son; mother can also pass her expertise to her oldest daughter,"Meyer and Handzik, 1916: 139"
Central Africa,Mbuti,FO04,Hunter-gatherers,"1951, 1954-1955",NA,NA,girls,NA,NA,NA,adulthood,Single,Vertical,mother,Kin-based,imitation,Observational,NA,basket making,basket making,Plant fiber,NA,"Turnbull, 1965: 125"
Central Africa,Mongo,FO32,Horticulturalists,Ca. 1930,NA,NA,NA,NA,NA,NA,adulthood,NA,Vertical,parents,Kin-based,"""teach""",Interactive,NA,metal working,forging,Metal,Girls tend to be observed more frequently because they spent most of their time in the village,"Hulstaert and Vizedom, 1938: 476"
Central Africa,Mongo,FO32,Horticulturalists,Ca. 1930,NA,NA,NA,NA,NA,NA,adulthood,NA,Vertical,parents,Kin-based,"""teach""",Interactive,NA,woodworking,wood sculpture,Wood,Girls tend to be observed more frequently because they spent most of their time in the village,"Hulstaert and Vizedom, 1938: 476"
Central Africa,Mongo,FO32,Horticulturalists,Ca. 1930,NA,NA,NA,NA,NA,NA,adulthood,NA,Vertical,parents,Kin-based,"""teach""",Interactive,NA,mat making,the weaving of mats,Plant fiber,Girls tend to be observed more frequently because they spent most of their time in the village,"Hulstaert and Vizedom, 1938: 476"
Central Africa,Mongo,FO32,Horticulturalists,Ca. 1930,NA,NA,NA,NA,NA,NA,adulthood,NA,Vertical,parents,Kin-based,"""teach""",Interactive,NA,basket making,the weaving of baskets,Plant fiber,Girls tend to be observed more frequently because they spent most of their time in the village,"Hulstaert and Vizedom, 1938: 476"
Central Africa,Mongo,FO32,Horticulturalists,Ca. 1930,NA,NA,NA,NA,NA,NA,adulthood,NA,Vertical,parents,Kin-based,"""teach""",Interactive,NA,pottery making,pottery making,Clay,Girls tend to be observed more frequently because they spent most of their time in the village,"Hulstaert and Vizedom, 1938: 476"
Central Africa,Teda,MS22,Agro-pastoralists,Ca. 1930-1955,NA,NA,children,NA,NA,NA,NA,NA,NA,NA,NA,NA,NA,NA,net making,net making,Plant fiber,NA,"Chapelle and Schütze, 1957: 164-165"
Central Africa,Teda,MS22,Agro-pastoralists,Ca. 1930-1955,NA,NA,children,NA,NA,NA,NA,NA,NA,NA,NA,NA,NA,NA,trap making,trap making,Composite,"Traps include darts, siding knots, and thick sticks.","Chapelle and Schütze, 1957: 164-165"
Eastern Africa,Amhara,MP05,Intensive agriculturalist,"1953-54, 1961",hamlet,indoor,boys,NA,NA,NA,NA,NA,NA,NA,NA,play,Interactive,NA,weaving,reed weaving,Plant fiber,NA,"Messing and Bender, 1985: 209"
Eastern Africa,Amhara,MP05,Intensive agriculturalist,"1953-54, 1961",NA,NA,boys,NA,NA,NA,NA,NA,NA,NA,NA,NA,NA,NA,toy making,"water-pistols, peashooters",Plant fiber,toys are made of bamboo,"Messing and Bender, 1985: 209"
Eastern Africa,Amhara,MP05,Intensive agriculturalist,"1953-54, 1961",NA,NA,boys,NA,NA,NA,NA,NA,NA,NA,NA,NA,NA,NA,musical instrument making,"panpipe flutes, bullrearer",Composite,"instruments are made of wood and reeds, which are used to scare birds away","Messing and Bender, 1985: 209"
Eastern Africa,Banyoro,FK11,Horticulturalists,NA,NA,NA,boys,NA,NA,NA,adulthood,Single,Vertical,father,Kin-based,train,Interactive,NA,clothes making,bark cloth making,Plant fiber,NA,"Nyakatura and Rigby, 1970: 39-41"
Eastern Africa,Banyoro,FK11,Horticulturalists,NA,NA,NA,boys,NA,NA,NA,adulthood,Single,Vertical,father,Kin-based,train,Interactive,NA,metal working,blacksmithing,Metal,NA,"Nyakatura and Rigby, 1970: 39-41"
Eastern Africa,Banyoro,FK11,Horticulturalists,NA,NA,NA,boys,NA,NA,NA,adulthood,Single,Vertical,father,Kin-based,train,Interactive,NA,woodworking,woodworking,Wood,NA,"Nyakatura and Rigby, 1970: 39-41"
Eastern Africa,Banyoro,FK11,Horticulturalists,NA,NA,NA,boys,NA,NA,NA,adulthood,Single,Vertical,father,Kin-based,train,Interactive,NA,raw material processing,hide working,Leather,NA,"Nyakatura and Rigby, 1970: 39-41"
Eastern Africa,Banyoro,FK11,Horticulturalists,NA,NA,NA,boys,NA,NA,NA,adulthood,Single,Vertical,father,Kin-based,train,Interactive,NA,pottery making,pottery making,Clay,NA,"Nyakatura and Rigby, 1970: 39-41"
Eastern Africa,Chagga,FN04,Intensive agriculturalist,Ca. 1918,workshop,indoor,boys,NA,NA,NA,adulthood,Single,Vertical/Oblique,father/blood kin or blood kin to become,Kin-based,"Apprenticeship, experimentation",Interactive,2-3 years at least,metal working,blacksmithing,Metal,"The apprentice is not allowed to teach others without the consent of the master; When a son learns from his father, the learning process is strongly motivated by personal interest and the resulting individual learning","Raum, 1940: 369-370; Dundas Sir, 1924: 273-274"
Eastern Africa,Fur,MQ08,Intensive agriculturalist,1936-1938,NA,NA,boys,NA,NA,NA,NA,NA,NA,NA,NA,"imitation, inculcation and exhortation with small rewards ",Interactive,NA,basket making,basket weaving,Plant fiber,NA,"Beaton, 1948: 15-16"
Eastern Africa,Fur,MQ08,Intensive agriculturalist,1936-1938,NA,NA,boys,NA,NA,NA,NA,NA,NA,NA,NA,"imitation, inculcation and exhortation with small rewards ",Interactive,NA,musical instrument making,drum,NA,NA,"Beaton, 1948: 15-16"
Eastern Africa,Fur,MQ08,Intensive agriculturalist,1936-1938,home,indoor,boys,NA,NA,NA,NA,NA,NA,NA,NA,"imitation, inculcation and exhortation with small rewards ",Interactive,NA,raw material processing,cotton spinning,Plant fiber,NA,"Beaton, 1948: 15-16"
Eastern Africa,Fur,MQ08,Intensive agriculturalist,1936-1938,NA,NA,girls,NA,NA,NA,NA,NA,NA,NA,NA,"imitation, inculcation and exhortation with small rewards ",Interactive,NA,pottery making,pottery making,Clay,NA,"Beaton, 1948: 15-16"
Eastern Africa,Ganda,FK07,Intensive agriculturalist,1931-1932,NA,NA,boys,NA,NA,NA,adulthood,Single,Vertical,father,Kin-based,"instruction, co-working",Interactive,NA,clothes making,bark cloth making,Plant fiber,NA,"Mair, 1934: 65"
Eastern Africa,Ganda,FK07,Intensive agriculturalist,1931-1932,NA,NA,boys,NA,NA,NA,adulthood,Single,Vertical,father,Kin-based,taught,Interactive,NA,metal working,blacksmithing,Metal,only happens when fathers are specialists,"Mair, 1934: 65"
Eastern Africa,Ganda,FK07,Intensive agriculturalist,1931-1932,NA,NA,boys,NA,NA,NA,adulthood,Single,Vertical,father,Kin-based,taught,Interactive,NA,pottery making,pottery making,Clay,only happens when fathers are specialists,"Mair, 1934: 65"
Eastern Africa,Gikuyu,FL10,Intensive agriculturalist,"1983-1984, 1992, 1994",NA,NA,girls at very young age,NA,NA,NA,adulthood,Multiple,Vertical/Oblique,"mother, grandmother",Kin-based,imitation and practice,Observational,NA,basket making,basket weaving,Plant fiber,The learner started from easy-to-use raw material first,"Davison, 1996: 136"
Eastern Africa,Luguru,FN32,Horticulturalists,NA,hut,indoor,girl of 15,adolescence,Single,NA,adulthood,Multiple,Vertical/Oblique,"aunts, mother",Kin-based,"taught, imitation",Interactive,3 years,mat making,sleeping mat,Plant fiber,Coming of age,"Hamdani, 2001: 11-12"
Eastern Africa,Luguru,FN32,Horticulturalists,NA,hut,indoor,girl of 15,adolescence,Single,NA,adulthood,Multiple,Vertical/Oblique,"aunts, mother",Kin-based,"taught, imitation",Interactive,3 years,basket making,basket making,Plant fiber,Coming of age,"Hamdani, 2001: 11-12"
Eastern Africa,Luguru,FN32,Horticulturalists,NA,hut,indoor,girl of 15,adolescence,Single,NA,adulthood,Multiple,Vertical/Oblique,"aunts, mother",Kin-based,"taught, imitation",Interactive,3 years,pottery making,pottery making,Clay,Coming of age,"Hamdani, 2001: 11-12"
Eastern Africa,Luguru,FN32,Horticulturalists,NA,hut,indoor,girl of 15,adolescence,Single,NA,adulthood,Multiple,Vertical/Oblique,"aunts, mother",Kin-based,"taught, imitation",Interactive,3 years,clothes making,cap making,NA,Coming of age,"Hamdani, 2001: 11-12"
Eastern Africa,Luguru,FN32,Horticulturalists,NA,hut,indoor,girl of 15,adolescence,Single,NA,adulthood,Multiple,Vertical/Oblique,"aunts, mother",Kin-based,"taught, imitation",Interactive,3 years,clothes making,Bark cloth making,Plant fiber,Coming of age,"Hamdani, 2001: 11-12"
Eastern Africa,Nuba,FJ21,Intensive agriculturalist,1938-1941,factory close to clay source but with some distance from the homesteads,outdoor,"grown-up women, daughter",adulthood,NA,NA,adulthood,NA,Vertical/Horizontal,"Expert, mother",Mixed,"watch, help and instruction",Interactive,NA,pottery making,pottery making,Clay,Different tribes or even different hill communities of the same tribe often specialize in different kinds of pots,"Nadel, 1947: 71-72"
Eastern Africa,Okiek,FL20,Hunter-gatherers,1938-1939,NA,NA,boy before puberty,middle childhood,Multiple,NA,adulthood,Multiple,Vertical/Oblique,"father, paternal uncle",Kin-based,teach,Interactive,NA,woodworking,honey-barrel making+general woodworking,Wood,NA,"Huntingford, 1951: 27, 29-30"
Eastern Africa,Turkana,FL17,Pastoralists,1948-1949,NA,NA,boy,NA,Single,older sibling or an adult,adulthood,NA,Vertical/Horizontal,older sibling or an adult,Kin-based,taught,Interactive,NA,woodworking,woodworking,Wood,NA,"Gulliver, 1951: 190A"
Eastern Africa,Turkana,FL17,Pastoralists,1948-1949,NA,NA,girls before 10,middle childhood,NA,NA,adulthood,Multiple,Vertical/Oblique,mother and mother's co-wives,Kin-based,direct tutelage,Interactive,NA,clothes making,clothes making,NA,NA,"Gulliver, 1951: 191A-191B"
Eastern Africa,Turkana,FL17,Pastoralists,1948-1949,NA,NA,girls before 10,middle childhood,NA,NA,adulthood,Multiple,Vertical/Oblique,mother and mother's co-wives,Kin-based,direct tutelage,Interactive,NA,ornament making,beadwork,NA,NA,"Gulliver, 1951: 191A-191B"
Eastern Africa,Turkana,FL17,Pastoralists,1948-1949,NA,NA,girls before 10,middle childhood,NA,NA,adulthood,Multiple,Vertical/Oblique,mother and mother's co-wives,Kin-based,direct tutelage,Interactive,NA,vessel making,vessel making,NA,NA,"Gulliver, 1951: 191A-191B"
Northern Africa,Berbers of Morocco,MX03,Agro-pastoralists,1926-1927,her house,indoor,girl,NA,Single,NA,NA,Multiple,NA,Experts,Success-based,instruction,Interactive,NA,weaving,weaving,Plant fiber,The instruction is in the form of party,"Coon, 1931: 77"
Northern Africa,Nubians,MR08,Horticulturalists,1963-1964,NA,NA,NA,NA,NA,NA,NA,NA,Vertical/Oblique,within families,Kin-based,NA,NA,NA,woodworking,building technique (carpentary),Wood,Very few specialists exist among a group of people who have general building techniques,"Kennedy and Fahim, 1977: 25"
Northern Africa,Tuareg,MS25,Agro-pastoralists,1929-1940,NA,NA,girls after 6 or 7,middle childhood,NA,NA,NA,NA,NA,NA,NA,NA,NA,NA,mat making,weaving,Plant fiber,NA,"Lhote and Sipfle, 1944: 146-147"
Northern Africa,Tuareg,MS25,Agro-pastoralists,1929-1940,NA,NA,girls after 6 or 7,middle childhood,NA,NA,NA,NA,NA,NA,NA,NA,NA,NA,metal working,little copper articles making,Metal,NA,"Lhote and Sipfle, 1944: 146-147"
Northern Africa,Tuareg,MS25,Agro-pastoralists,1929-1940,NA,NA,girls after 6 or 7,middle childhood,NA,NA,NA,NA,NA,NA,NA,NA,NA,NA,raw material processing,goat hair spinning,Leather,NA,"Lhote and Sipfle, 1944: 146-147"
Southern Africa,Bemba,FQ05,Horticulturalists,1930-1934,NA,NA,girls,NA,NA,NA,NA,NA,NA,NA,NA,watching,Observational,NA,pottery making,pottery making,Clay,The learning process is gradual and the learners were not forced to practice it.,"Richard, 1939: 105-106"
Southern Africa,Khoi,FX13,Other subsistence combinations,NA,NA,NA,little girls,NA,NA,NA,adulthood,Single,Vertical,mother,Kin-based,assisting,Interactive,NA,mat making,reed mat making,Plant fiber,NA,"Schapera, 1930: 268-269"
Southern Africa,Ovambo,FX08,Agro-pastoralists,"1958-1962, 1971-1975",NA,NA,boy,NA,NA,NA,adulthood,Single,Oblique,mother or father's brother,Kin-based,trained,Interactive,NA,metal working,blacksmithing,Metal,The blacksmith has low social status. There is an initation ceremony to become independent,"Hiltunen, 1993: 70-71"
Southern Africa,Ovimbundu,FP13,Horticulturalists,1929-1930,NA,NA,boys at an early age,NA,NA,NA,NA,NA,NA,NA,NA,play,Interactive,NA,weapon making,wooden-tipped arrows,Wood,NA,"Hambly, 1934: 167; McCulloch, 1952: 43"
Southern Africa,Ovimbundu,FP13,Horticulturalists,1929-1930,NA,NA,boys at an early age,NA,NA,NA,NA,NA,NA,NA,NA,play,Interactive,NA,mat making,mat making,Plant fiber,NA,"Hambly, 1934: 167; McCulloch, 1952: 43"
Southern Africa,Ovimbundu,FP13,Horticulturalists,1929-1930,NA,NA,boys at an early age,NA,NA,NA,NA,NA,NA,NA,NA,play,Interactive,NA,woodworking,woodworking,Wood,NA,"Hambly, 1934: 167; McCulloch, 1952: 43"
Southern Africa,Ovimbundu,FP13,Horticulturalists,1929-1930,NA,NA,boys at an early age,NA,NA,NA,NA,NA,NA,NA,NA,play,Interactive,NA,rope making,rope making,Plant fiber,NA,"Hambly, 1934: 167; McCulloch, 1952: 43"
Southern Africa,Ovimbundu,FP13,Horticulturalists,1929-1930,NA,NA,girls at an early age,NA,NA,NA,NA,NA,NA,NA,NA,play,Interactive,NA,pottery making,pottery making,Clay,NA,"Hambly, 1934: 167; McCulloch, 1952: 43"
Southern Africa,Ovimbundu,FP13,Horticulturalists,1929-1930,NA,NA,girls at an early age,NA,NA,NA,NA,NA,NA,NA,NA,play,Interactive,NA,basket making,basket making,Plant fiber,NA,"Hambly, 1934: 167; McCulloch, 1952: 43"
Southern Africa,Ovimbundu,FP13,Horticulturalists,1924-1940,NA,NA,boys before 8 or 9,middle childhood,NA,Elder sibling or cousin,NA,NA,Horizontal/Oblique,Elder sibling or cousin,Kin-based,tutoring,Interactive,NA,trap making,trap and snare making,NA,NA,"Childs, 1949: 104"
Southern Africa,San,FX10,Hunter-gatherers,1958-1964,NA,NA,"boys in early childhood; boy after ""small child"" but before puberty",infancy and early childhood,Multiple,"Elder, older brothers",adulthood,Single,Vertical/Oblique,"Elder, father and older brothers, father-in-laws",Mixed,answering question and instruction,Interactive,NA,weapon making,making bows,NA,The learning is multi-staged,"Silberbauer, 1965: 79-81; Silberbauer, 1972: 315-316"
Southern Africa,San,FX10,Hunter-gatherers,1958-1964,NA,NA,"boy after ""small child"" but before puberty",middle childhood,NA,older brothers,adulthood,Multiple,Vertical/Oblique,"father and older brothers, father-in-laws",Kin-based,"helping, instruction",Interactive,NA,general toolmaking,the manufacture of implements,NA,girls start to take their social responsibilites earlier than boys; protracted learning process,"Silberbauer, 1965: 79-81; Silberbauer, 1972: 315-316"
Southern Africa,Shona,FS05,Agro-pastoralists,1965-1971,NA,NA,boys in puberty,middle childhood,NA,NA,NA,NA,NA,NA,Kin-based,instruction,Interactive,NA,weapon making,weapon making,NA,NA,"Aschwanden and Cooper, 1982: 75-76"
Southern Africa,Shona,FS05,Agro-pastoralists,1972-1977,NA,NA,girls at an early age,NA,NA,NA,adulthood,Multiple,Vertical/Oblique,"mother, grandmother",Kin-based,"individual learning, correcting error, teaching",Interactive,NA,pottery making,pottery making,Clay,"Both sexes are taught agricultural pursuits, such as hoeing, planting, reaping","Gelfand, 1979: 221, 35-36; Bullock, 1950: 42"
Southern Africa,Shona,FS05,Agro-pastoralists,1972-1977,NA,NA,boys,NA,NA,NA,NA,NA,NA,NA,NA,NA,NA,NA,agriculture equipment making,hoes making,Composite,"Both sexes are taught agricultural pursuits, such as hoeing, planting, reaping","Gelfand, 1979: 221"
Southern Africa,Shona,FS05,Agro-pastoralists,1972-1977,NA,NA,boys,NA,NA,NA,NA,NA,NA,NA,NA,NA,NA,NA,stoneworking,groundstone toolmaking(pestles),Stone,"Both sexes are taught agricultural pursuits, such as hoeing, planting, reaping","Gelfand, 1979: 221"
Southern Africa,Shona,FS05,Agro-pastoralists,1972-1977,NA,NA,boys in puberty,middle childhood,NA,NA,NA,NA,NA,NA,Kin-based,instruction,Interactive,NA,general toolmaking,general toolmaking,NA,"Both sexes are taught agricultural pursuits, such as hoeing, planting, reaping","Gelfand, 1979: 221; Aschwanden and Cooper, 1982: 75-76"
Southern Africa,Shona,FS05,Agro-pastoralists,1972-1977,NA,NA,boys,NA,NA,NA,NA,NA,NA,NA,NA,NA,NA,NA,raw material processing,leather work,Leather,"Both sexes are taught agricultural pursuits, such as hoeing, planting, reaping","Gelfand, 1979: 221"
Southern Africa,Shona,FS05,Agro-pastoralists,NA,NA,NA,boy at 6,middle childhood,NA,Older boys/grandfather,adulthood,Multiple,Horizontal/Oblique,Older boys,Mixed,teach,Interactive,NA,trap making,trap making,NA,NA,"Bullock, 1950: 40-41; Gelfand, 1979: 35-36"
Southern Africa,Shona,FS05,Agro-pastoralists,1972-1977,NA,NA,boys,NA,NA,NA,adulthood,Single,Vertical,father,Kin-based,watching and helping,Observational,NA,woodworking,woodworking,Wood,NA,"Gelfand, 1979: 182"
Southern Africa,Shona,FS05,Agro-pastoralists,1972-1977,NA,NA,boys,NA,NA,NA,adulthood,Single,Vertical,father,Kin-based,watching and helping,Observational,NA,metal working,iron work,Metal,NA,"Gelfand, 1979: 182"
Southern Africa,Shona,FS05,Agro-pastoralists,1940-1967,NA,NA,boys after 6 or 7,middle childhood,NA,NA,adulthood,Multiple,Vertical/Oblique,"father, brothers",Kin-based,helping,Observational,NA,basket making,basket making,Plant fiber,NA,"Gelfand, 1968: 105; Gelfand, 1979: 221"
Southern Africa,Shona,FS05,Agro-pastoralists,1940-1967,NA,NA,boys after 6 or 7,middle childhood,NA,NA,adulthood,Multiple,Vertical/Oblique,"father, brothers",Kin-based,helping,Observational,NA,mat making,mat making,Plant fiber,NA,"Gelfand, 1968: 105"
Southern Africa,Tanala,FY08,Intensive agriculturalist,1926-1927,NA,NA,"boys ""at a very early age""",NA,NA,NA,NA,NA,NA,NA,NA,NA,NA,NA,trap making,traps for small birds and mammals,NA,Tanala toys seem to be characterized by an almost complete absence of replicas of things used by adults,"Linton, 1933: 256-258"
Southern Africa,Tonga,FQ12,Horticulturalists,"1946-1947, 1948, 1950",NA,NA,"""throughout childhood""",NA,NA,NA,NA,NA,NA,NA,NA,NA,NA,NA,general toolmaking,various tools or utensils,NA,Boys have a less uniform training and their competence,"Colson, 1958: 262-263"
Southern Africa,Tonga,FQ12,Horticulturalists,"1946-1947, 1948, 1950",NA,NA,girls,NA,NA,NA,NA,NA,NA,NA,NA,NA,NA,NA,basket making,basket making,Plant fiber,General woodcarving is for all children,"Colson, 1958: 260"
Southern Africa,Tonga,FQ12,Horticulturalists,"1946-1947, 1948, 1950",NA,NA,girls,NA,NA,NA,NA,NA,NA,NA,NA,NA,NA,NA,pottery making,pottery making,Clay,General woodcarving is for all children,"Colson, 1958: 260"
Southern Africa,Tonga,FQ12,Horticulturalists,"1946-1947, 1948, 1950",NA,NA,boys,NA,NA,NA,NA,NA,NA,NA,NA,NA,NA,NA,metal working,blacksmith,Metal,General woodcarving is for all children,"Colson, 1958: 260"
Southern Africa,Tonga,FQ12,Horticulturalists,"1946-1947, 1948, 1950",NA,NA,boys,NA,NA,NA,NA,NA,NA,NA,NA,NA,NA,NA,woodworking,woodcarving,Wood,General woodcarving is for all children,"Colson, 1958: 260"
Southern Africa,Tonga,FQ12,Horticulturalists,1946-1948,NA,NA,boys after 5 or 6,middle childhood,NA,NA,NA,NA,NA,NA,NA,practice,Individual,NA,trap making,spinning thread for making snares,Plant fiber,"""Spend hours spinning threads""","Colson, 1949: 31-32"
Southern Africa,Zulu,FX20,Agro-pastoralists,Ca. 1956-1957,NA,NA,boys,NA,NA,NA,adulthood,Single,Vertical,father,Kin-based,imitation and experimenting,Observational,NA,agriculture equipment making,"making sledges, riems, yokes",Composite,NA,"Vilakazi, 1962: 124-125"
Southern Africa,Zulu,FX20,Agro-pastoralists,Ca. 1956-1957,NA,NA,boys,NA,NA,NA,adulthood,Single,Vertical,father,Kin-based,taught,Interactive,a period of apprenticeship,weapon making,spear making,NA,"Relatives can also learn; ""not esoteric in nature""","Vilakazi, 1962: 124-125"
Southern Africa,Zulu,FX20,Agro-pastoralists,"1940, 1952-53, 1955-56, 1956-57",NA,NA,girls after ear-piercing ,NA,NA,NA,NA,NA,NA,NA,NA,make-believe play,Interactive,NA,ornament making,beadwork,NA,NA,"Raum, 1973: 91"
Western Africa,Akan,FE12,Horticulturalists,1921-192?,NA,NA,NA,NA,NA,NA,adulthood,Single,Vertical,father/sister's son-uncle,Kin-based,NA,NA,NA,woodworking,stool carving,Wood,"stools are believed to have their own name, gender, and social status; A woman might not carve a stool—
because of the ban against menstruation","Rattray, 1927: 271-272"
Western Africa,Akan,FE12,Horticulturalists,1921-192?,NA,NA,quite small children,NA,NA,NA,adulthood,Single,Vertical,mother,Kin-based,NA,NA,NA,pottery making,pottery making,Clay,anthropomorphic or zoomorphic forms are forbidden for women to make,"Rattray, 1927: 301-302"
Western Africa,Akan,FE12,Horticulturalists,1921-192?,NA,NA,little boys,NA,NA,NA,adulthood,Single,Vertical,father,Kin-based,play with miniature tools,Individual,NA,weaving,weaving,Plant fiber,hereditary occupation,"Rattray, 1927: 233"
Western Africa,Dogon,FA16,Intensive agriculturalist,1935,NA,NA,NA,NA,Single,NA,adulthood,Single,Vertical,mother,Kin-based,"observe, help with preparation",Observational,NA,pottery making,pottery making,Clay,shoemaking is more specialized than pottery making,"Paulme and Schütze, 1940: 447"
Western Africa,Dogon,FA16,Intensive agriculturalist,1935,NA,NA,girls of 5 or 6,infancy and early childhood,Single,NA,adulthood,Single,Vertical,mother,Kin-based,"observe, help with preparation",Observational,NA,clothes making,shoe making ,NA,shoemaking is more specialized than pottery making,"Paulme and Schütze, 1940: 447"
Western Africa,Dogon,FA16,Intensive agriculturalist,1935,NA,NA,child,NA,Single,NA,adulthood,Single,Vertical,father,Kin-based,"observe, help with preparation",Observational,NA,metal working,blacksmith,Metal,politeness is regarded more challenging compared with basket plaiting,"Paulme and Schütze, 1940: 447"
Western Africa,Fon,FA18,Horticulturalists,1931,workshop,indoor,3 or 4,infancy and early childhood,Single,8 or 9,middle childhood,Multiple,Horizontal,brothers,Kin-based,help with preparation,Interactive,NA,metal working,blacksmith,Metal,child begins to participate in Dahomean life at a very early age; children with special talents can choose crafts different from their father's,"Herskovits, 1967: 273-274"
Western Africa,Fulani,MS11,Pastoralists,1951-1953,pool and stream,outdoor,4/5-9/10,infancy and early childhood,NA,NA,NA,NA,NA,NA,NA,play,Individual,NA,pottery making,pottery figurine making,Clay,No gender restrictions but gendered expressions exist. ,"Stenning, 1964: 155-156"
Western Africa,Fulani,MS11,Pastoralists,1951-1953,Homestead,indoor,4/5-9/10,infancy and early childhood,NA,NA,NA,NA,Vertical/Oblique,elders,Kin-based,imitation,Observational,NA,rope making,rope making,Plant fiber,NA,"Stenning, 1964: 155-156"
Western Africa,Igbo,FF26,Horticulturalists,1951-1960,bush,outdoor,Enna (small boy before initiation),middle childhood,Multiple,"older boys in the village, Older brothers",adulthood,NA,Horizontal/Oblique,"men or older boys in the village, Older brothers",Mixed,"imitation, play, teach",Interactive,NA,ritual item making,mask carving and coloring,Wood,mutli-staged learning; secret sociey composed of small boys; criticisms and rewards of age-mates are important motivations,"Ottenberg, 1975: 67-69; Ottenberg, 1989: 121-122"
Western Africa,Igbo,FF26,Horticulturalists,1951-1960,NA,NA,Enna (boy of 11),middle childhood,NA,NA,NA,Single,Horizontal,Older-younger brothers,Kin-based,"play, teach",Interactive,NA,musical instrument making,musical instrument making,Wood,criticisms and rewards of age-mates are important motivations,"Ottenberg, 1975: 67-69; Ottenberg, 1989: 121-122"
Western Africa,Igbo,FF26,Horticulturalists,"1951-1953, 1959-1960, 1966",NA,NA,girls before adolescence,middle childhood,NA,NA,NA,NA,NA,NA,NA,NA,NA,NA,pottery making,pottery making,Clay,NA,"Ottenberg, 1989: 121-122"
Western Africa,Igbo,FF26,Horticulturalists,1929-1932,NA,NA,boys 5-7,infancy and early childhood,NA,NA,adulthood,Single,Vertical,father,Kin-based,taught,Interactive,NA,mat making,mat making,Plant fiber,NA,"Meek, 1970: 298"
Western Africa,Kpelle,FD06,Horticulturalists,"1968-1969, 1973",workshop/bush,mixed,"8, 14, ages of seven and fifteen",middle childhood,Single,NA,adulthood,Single,Horizontal/Oblique,"Teacher, Peer friends, uncle",Mixed,"make-believe play, Apprenticeship",Interactive,3-4 years,metal working,blacksmithing,Metal,"Multi-staged learning; Appreticeship is not done with their parents and involves phsyical abuse. Before formal apprenticeship, there is a period of helping and watching. The make-believe play acitivty mimicing the blacksmith business help them get used to the social aspects of this technology, e.g., how to maintain a relationship with customer, but not its technical or ideological aspects. Children use models instead of real tools and artifacts. Conflicting records in terms of age, which could a result of staged learning; Formal poro bush school. The learning process is strictly kept as a secret.","Lancy, 1984: 89-90; 157-158; 161-162; Westerman, & Schütze, 1921: 292B"
Western Africa,Kpelle,FD06,Horticulturalists,1968-1969,NA,NA,mid-teen,adolescence,Single,NA,adulthood,Single,Oblique,unrelated individuals,Success-based,apprenticeship,Interactive,3 years,raw material processing,leather making,Leather,The learner was exposed to this skill when he was much younger from his uncle,"Lancy, 1984: 159"
Western Africa,Kpelle,FD06,Horticulturalists,"1967-1969, 1973",NA,NA,"12, 16, 21",middle childhood,Single,NA,adulthood,Single,Vertical/Horizontal,"father, Peer friends",Mixed,teaching by demonstration,Interactive,two weeks,hammock making,weaving,Plant fiber,"there need not be an expert present to see the influence exerted by society on the learner. In each of the previous cases, we see individuals acquiring weaving skills to enhance their own social participatio","Lancy, 1996: 154-155"
Western Africa,Kpelle,FD06,Horticulturalists,1914-1915 (4 Months),bush,outdoor,ages of seven and fifteen,middle childhood,Multiple,NA,adulthood,NA,Oblique,Teacher,Success-based,teaching,Interactive,4 years,basket making,basket making,Plant fiber,Formal poro bush school. The learning process is strictly kept as a secret.,"Westerman, & Schütze, 1921: 292B"
Western Africa,Kpelle,FD06,Horticulturalists,1914-1915 (4 Months),bush,outdoor,ages of seven and fifteen,middle childhood,Multiple,NA,adulthood,NA,Oblique,Teacher,Success-based,teaching,Interactive,4 years,miscellaneous,sieve making,Plant fiber,Formal poro bush school. The learning process is strictly kept as a secret.,"Westerman, & Schütze, 1921: 292B"
Western Africa,Kpelle,FD06,Horticulturalists,1914-1915 (4 Months),bush,outdoor,ages of seven and fifteen,middle childhood,Multiple,NA,adulthood,NA,Oblique,Teacher,Success-based,teaching,Interactive,4 years,fishing devices making ,weir making,Wood,Formal poro bush school. The learning process is strictly kept as a secret.,"Westerman, & Schütze, 1921: 292B"
Western Africa,Kpelle,FD06,Horticulturalists,1914-1915 (4 Months),bush,outdoor,ages of seven and fifteen,middle childhood,Multiple,NA,adulthood,NA,Oblique,Teacher,Success-based,teaching,Interactive,4 years,boat making,carving dugouts,Wood,Formal poro bush school. The learning process is strictly kept as a secret.,"Westerman, & Schütze, 1921: 292B"
Western Africa,Kpelle,FD06,Horticulturalists,1914-1915 (4 Months),bush,outdoor,ages of seven and fifteen,middle childhood,Multiple,NA,adulthood,NA,Oblique,Teacher,Success-based,teaching,Interactive,4 years,woodworking,carving mortars,Wood,Formal poro bush school. The learning process is strictly kept as a secret.,"Westerman, & Schütze, 1921: 292B"
Western Africa,Kpelle,FD06,Horticulturalists,"1968-1969, 1914-1915 (4 Months)",bush,outdoor,ages of seven and fifteen; boys at 9 and 10,middle childhood,Multiple,NA,adulthood,NA,Oblique,Teacher,Success-based,teaching,Interactive,4 years,musical instrument making,carving drums+horn and baming,Wood,Formal poro bush school. The learning process is strictly kept as a secret. The adults' horn are made of different raw materials,"Westerman, & Schütze, 1921: 292B; Lancy, 1984: 228"
Western Africa,Kpelle,FD06,Horticulturalists,1914-1915 (4 Months),bush,outdoor,ages of seven and fifteen,middle childhood,Multiple,NA,adulthood,NA,Oblique,Teacher,Success-based,teaching,Interactive,4 years,toy making,making game boards,Wood,Formal poro bush school. The learning process is strictly kept as a secret.,"Westerman, & Schütze, 1921: 292B"
Western Africa,Kpelle,FD06,Horticulturalists,"1968-1969, 1914-1915 (4 Months)",bush,outdoor,ages of seven and fifteen,middle childhood,NA,NA,adulthood,Single,Vertical/Oblique,mother/Teacher,Mixed,teaching,Interactive,4 years,net making,net making,Plant fiber,net weaving is exclusively a female task,"Lancy, 1984: 141; Westerman, & Schütze, 1921: 292B"
Western Africa,Kpelle,FD06,Horticulturalists,"1968-1969, 1914-1915 (4 Months)",bush,outdoor,"<7, ages of seven and fifteen",middle childhood,Single,NA,adulthood,Single,Vertical/Oblique,father/Teacher,Mixed,"teaching, observation, helping, and advice",Interactive,4 years,trap making,trap making,NA,"By 16 the boy become an independent trapper. Conflicting record between two sources, which could be the result of staged learning. Formal poro bush school. The learning process is strictly kept as a secret.","Lancy, 1984: 141; Lancy, 1996:160, 161-162; Germain and Granka, 1955: 23; Westerman, & Schütze, 1921: 292B"
Western Africa,Kpelle,FD06,Horticulturalists,"1968-1969, 1914-1915 (4 Months)",bush,outdoor,teenage girl of 16; ages of seven and fifteen,middle childhood,Multiple,NA,adulthood,Single,Oblique,Teacher,Success-based,"teaching, demonstration and coworking",Interactive,4 years,weaving,weaving,Plant fiber,No explaination. Co-production. Formal poro bush school. The learning process is strictly kept as a secret.,"Lancy, 1984: 151; Westerman, & Schütze, 1921: 292B; Lancy, 1984: 150; Lancy, 1996: 164"
Western Africa,Kpelle,FD06,Horticulturalists,"1968-1969, 1914-1915 (4 Months)",bush,outdoor,"boys earlier than 9, ages of seven and fifteen",middle childhood,NA,Older brother,adolescence,Single,Horizontal/Oblique,older brother,Mixed,"observation and imitation, teaching",Interactive,4 years,mat making,mat making,Plant fiber,starting from 13 they start to make more substantial mats; Formal poro bush school. The learning process is strictly kept as a secret.,"Lancy, 1984: 155; Westerman, & Schütze, 1921: 292B"
Western Africa,Kpelle,FD06,Horticulturalists,1968-1969,NA,NA,girl of 7,middle childhood,NA,NA,adulthood,Single,Vertical,mother,Kin-based,self-learning and teasing,Individual,NA,raw material processing,spinning,Plant fiber,Mostly self-learning,"Lancy, 1984: 153"
Western Africa,Mende,FC07,Horticulturalists,"1987-1988, 1990-1991",initiation,outdoor,NA,adolescence,NA,NA,adulthood,NA,NA,NA,NA,NA,NA,NA,miscellaneous,furniture making,Wood,women are not allowed to get involved in the initation,"Leach, 1994: 134"
Western Africa,Mende,FC07,Horticulturalists,"1987-1988, 1990-1991",initiation,outdoor,NA,adolescence,NA,NA,adulthood,NA,NA,NA,NA,NA,NA,NA,agriculture equipment making,agriculture equipment making,Wood,women are not allowed to get involved in the initation,"Leach, 1994: 134"
Western Africa,Mende,FC07,Horticulturalists,1945-1946,bush,outdoor,boys between 14 and 15,adolescence,Multiple,NA,adulthood,Multiple,Oblique,individual specialists,Success-based,teaching,Interactive,a few months,clothes making,raffia cloths,Plant fiber,NA,"Little, 1951: 120-121"
Western Africa,Mende,FC07,Horticulturalists,1945-1946,bush,outdoor,boys between 14 and 15,adolescence,Multiple,NA,adulthood,Multiple,Oblique,individual specialists,Success-based,teaching,Interactive,a few months,basket making,basket making,Plant fiber,NA,"Little, 1951: 120-121"
Western Africa,Mende,FC07,Horticulturalists,1945-1946,bush,outdoor,boys between 14 and 15,adolescence,Multiple,NA,adulthood,Multiple,Oblique,individual specialists,Success-based,teaching,Interactive,a few months,net making,net making,Plant fiber,NA,"Little, 1951: 120-121"
Western Africa,Mende,FC07,Horticulturalists,1945-1946,bush,outdoor,boys between 14 and 15,adolescence,Multiple,NA,adulthood,Multiple,Oblique,individual specialists,Success-based,teaching,Interactive,a few months,trap making,trap making,NA,NA,"Little, 1951: 120-121"
Western Africa,Mossi,FA28,Intensive agriculturalist,Ca. 1910,NA,NA,boys,NA,NA,NA,adulthood,Single,Vertical,father,Kin-based,teaching,Interactive,NA,mat making,mat plaiting and weaving,Plant fiber,More specialized skills are also passed down to sons,"Mangin, Brunel, and Skinner, 1921: 44"
Western Africa,Tallensi,FE11,Intensive agriculturalist,1934-1937,NA,NA,16,adolescence,NA,NA,NA,NA,NA,NA,NA,individual learning,Individual,NA,weapon making,bow and arrow making,NA,An adolescent youth is already applying the deftness and skill acquired in juvenile play or in the arts and crafts of his boyhood to practical ends,"Fortes, 1938: 61"
Western Africa,Tallensi,FE11,Intensive agriculturalist,1934-1937,NA,NA,16,adolescence,NA,NA,NA,NA,NA,NA,NA,individual learning,Individual,NA,raw material processing,leatherwork,Leather,An adolescent youth is already applying the deftness and skill acquired in juvenile play or in the arts and crafts of his boyhood to practical ends,"Fortes, 1938: 61"
Western Africa,Tallensi,FE11,Intensive agriculturalist,1934-1937,NA,NA,16,adolescence,NA,NA,NA,NA,NA,NA,NA,individual learning,Individual,NA,general toolmaking,the forging of tools and implements,Metal,An adolescent youth is already applying the deftness and skill acquired in juvenile play or in the arts and crafts of his boyhood to practical ends,"Fortes, 1938: 61"
Western Africa,Tallensi,FE11,Intensive agriculturalist,1934-1937,NA,NA,"between the ages of
about 8 and 11",middle childhood,NA,NA,NA,NA,Horizontal,friends,Familiarity-based,group play,Interactive,NA,vessel making,reedware plaiting,Plant fiber,practiced by both genders. It has seasonal feature,"Fortes, 1938: 60"
Western Africa,Tallensi,FE11,Intensive agriculturalist,1934-1937,NA,NA,8 or 9,middle childhood,NA,NA,adolescence,NA,Horizontal,NA,NA,teaching by correcting mistakes,Interactive,NA,toy making,clay model making,Clay,possibility of co-production; not all boys know how to do it,"Fortes, 1938: 60"
Western Africa,Tiv,FF57,Horticulturalists,1949-1952,NA,NA,girl of 7,middle childhood,NA,NA,NA,NA,NA,NA,NA,experimenting,Individual,NA,pottery making,pottery making,Clay,mostly self-experimenting,"Bohannan and Bohannan, 1958: 381"
Western Africa,Yoruba,FF62,Horticulturalists,1952,workshop,indoor,small boy before 16,NA,Single,NA,adulthood,Single,Vertical/Oblique,father,Kin-based,Watching,Observational,NA,raw material processing,cotton winding,Plant fiber,requires little practice,"Lloyd, 1953: 33"
Western Africa,Yoruba,FF62,Horticulturalists,1952,workshop,indoor,small boy before 16,NA,Single,NA,adulthood,Single,Vertical/Oblique,"father, uncle, brothers",Kin-based,Apprenticeship,Interactive,NA,metal working,blacksmithing,Metal,It is possible to do apprenticeship with a non-kin with a fee,"Lloyd, 1953: 33"
Caucasus,Armenia,RJ01,Intensive agriculturalist,NA,NA,NA,girl of 12-15,middle childhood,NA,NA,adulthood,Multiple,Vertical/Oblique,"mother, sister-in-law",Kin-based,NA,NA,NA,weaving,weaving,Plant fiber,NA,"Villa and Matossian, 1982: 116-117"
Central Asia,Inner Mongolia,AH06,Agro-pastoralists,NA,NA,NA,girls,NA,NA,NA,NA,NA,NA,family members,Kin-based,taught,Interactive,NA,clothes making,sewing,Plant fiber,NA,"Chang et al., 1956: 269"
Central Asia,Lepcha,AK05,Intensive agriculturalist,1937,NA,NA,Older boys,NA,NA,Older brother or friend,NA,Multiple,Horizontal,Older brother or friend,Mixed,instruction,Interactive,NA,musical instrument making,making bamboo flutes,Plant fiber,NA,"Gorer and Hutton, 1938: 309"
Central Asia,Mongolia,AH01,Pastoralists,1919-1920,NA,NA,boys of 6-7,middle childhood,NA,NA,NA,NA,NA,NA,NA,NA,NA,NA,horse harnesses making,horse harnesses making,NA,gendered skill,"Maiskii, 1921: 132-133"
East Asia,Okayama,AB43,Intensive agriculturalist,1950-1951,workshop,indoor,NA,NA,Multiple,NA,adulthood,Single,Oblique,Unrelated individuals,Success-based,Apprenticeship,Interactive,NA,woodworking,woodworking,Wood,"Apprentice need to do chores for master as a fee. Other common handicrafts, the sawyer's craft, stonecutting, plastering, cooperage, follow the same apprenticeship pattern with only slight modifications","Cornell, 1956: 143-146"
East Asia,Okinawans,AC07,Intensive agriculturalist,1954-1955,NA,NA,"4- and 5-year-olds, 8 and 9 years old",infancy and early childhood,NA,Older children,NA,NA,All,brothers,Kin-based,observation and experimenting,Observational,NA,rope making,rope making,Plant fiber,NA,"Maretzki, Maretzki, and Whiting: 1963: 510-511"
East Asia,Okinawans,AC07,Intensive agriculturalist,NA,NA,NA,girl of 5 or 6,infancy and early childhood,NA,NA,NA,NA,NA,NA,NA,NA,NA,NA,weaving,weaving,Plant fiber,NA,"Haring: 1969, 92-93"
East Asia,Yi,AE04,Intensive agriculturalist,1943,NA,NA,girls between childhood and youth,adolescence,NA,NA,NA,NA,NA,NA,NA,NA,NA,NA,clothes making,"sewing, knitting, and embroidery",Plant fiber,NA,"Lin and Pan, 1947: 55"
North Asia,Koryaks,RY04,Primarily hunter-gatherers,1900-1901,NA,NA,girls of 10-12,middle childhood,NA,NA,NA,NA,NA,NA,NA,helping,NA,NA,clothes making,clothes making,Plant fiber,NA,"Jochelson,1908: 758"
North Asia,Nivkh,RX02,Primarily hunter-gatherers,NA,NA,NA,girls,NA,NA,NA,adulthood,Single,Vertical,mother,Kin-based,taught,Interactive,NA,clothes making,"making thread, sewing and embroidery",Plant fiber,NA,"Black, 1973: 63"
North Asia,Yukaghir,RV03,Primarily hunter-gatherers,"1895-1896, 1901-1902",NA,NA,NA,NA,NA,NA,adulthood,Single,Vertical,father,Kin-based,NA,NA,NA,metal working,blacksmith,Metal,The blacksmith's status is as high as the shanman.,"Jochelson, 1975: 425"
South Asia,Andamans,AZ02,Hunter-gatherers,NA,NA,NA,children,NA,NA,NA,NA,NA,NA,NA,NA,play and practice,Observational,NA,boat making,canoe making,Wood,toy canoe making,"Pandya, 1995: 7"
South Asia,Andamans,AZ02,Hunter-gatherers,NA,NA,NA,children,NA,NA,NA,NA,NA,NA,NA,NA,play and practice,Observational,NA,weapon making,bow and arrow making,NA,NA,"Pandya, 1995: 7"
South Asia,Andamans,AZ02,Hunter-gatherers,NA,NA,NA,children,NA,NA,NA,NA,NA,NA,NA,NA,play and practice,Observational,NA,net making,small net,NA,NA,"Pandya, 1995: 7"
South Asia,Bengali,AW69,Intensive agriculturalist,1970-1975,NA,NA,NA,NA,NA,NA,adulthood,Single,Vertical,father,Kin-based,NA,NA,NA,woodworking,woodworking,Wood,The boys prefered to working in factory compared with learning carpentery from their fathers,"Klass, 1978: 209-210"
South Asia,Bhil,AW25,Agro-pastoralists,1943-1954,NA,NA,children,NA,NA,NA,adulthood,NA,Vertical/Oblique,elders,NA,"imitation, verbal instruction, co-working",Interactive,NA,rope making,rope making,Plant fiber,NA,"Naik, 1956: 119"
South Asia,Garo,AR05,Horticulturalists,1954-1956,NA,NA,boys after 12,adolescence,NA,NA,adulthood,Single,Vertical,father,Kin-based,"formal instruction, demonstration, correction",Interactive,NA,basket making,basket weaving,Plant fiber,No analytical teaching. Co-production exist,"Burling, 1963: 116"
South Asia,Gond,AW32,Other subsistence combinations,"1927-1934, 1940-1941",NA,NA,boys,NA,NA,NA,adulthood,Single,Vertical,father,Kin-based,"imitation, play",Observational,NA,ornament making,"beadwork, carving of ornamental combs",NA,NA,"Grigson and Elwin, 1949: 186-187"
South Asia,Mara,AR20,Horticulturalists,1924-1928,NA,NA,children,NA,NA,NA,adulthood,Single,Vertical,father,Kin-based,observation and imitation,Observational,NA,trap making,trap making,NA,NA,"Parry, 1932: 27-29"
South Asia,Mara,AR20,Horticulturalists,1924-1928,NA,NA,girls,NA,NA,NA,NA,NA,NA,NA,NA,taught,Interactive,NA,weaving,weaving,Plant fiber,NA,"Parry, 1932: 27-29"
South Asia,Santal,AW42,Intensive agriculturalist,1942-1946,NA,NA,boys of 5-6,infancy and early childhood,NA,NA,NA,NA,NA,NA,NA,NA,NA,NA,musical instrument making,flute making,NA,NA,"Arche, 1974: 35"
Southeast Asia,Alorese,OF05,Horticulturalists,1961,NA,NA,girl in preadolescent period,middle childhood,NA,NA,adulthood,Single,Vertical,mother,Kin-based,taught,Interactive,NA,basket making,basket making,Plant fiber,NA,"Du Bois, Kardiner, and Oberholzer, 1944: 56-57"
Southeast Asia,Alorese,OF05,Horticulturalists,1961,NA,NA,girl in preadolescent period,middle childhood,NA,NA,adulthood,Single,Vertical,mother,Kin-based,taught,Interactive,NA,mat making,sewing pandanus mats,Plant fiber,NA,"Du Bois, Kardiner, and Oberholzer, 1944: 56-57"
Southeast Asia,Alorese,OF05,Horticulturalists,1961,NA,NA,girl in preadolescent period,middle childhood,NA,NA,adulthood,Single,Vertical,mother,Kin-based,taught,Interactive,NA,clothes making,making bark cloth,Plant fiber,NA,"Du Bois, Kardiner, and Oberholzer, 1944: 56-57"
Southeast Asia,Balinese,OF07,Intensive agriculturalist,1930-1933,NA,NA,little girl,NA,NA,NA,adulthood,Single,Vertical,mother,Kin-based,NA,NA,NA,weaving,weaving,Plant fiber,NA,"Covarrubias, 1938: 133; Belo, 1936: 130"
Southeast Asia,Central Thai,AO07,Intensive agriculturalist,1969-1970,NA,NA,school-age boys,middle childhood,Multiple,tennage boys,adolescence,Multiple,Horizontal,Unrelated individuals,Familiarity-based,observation and expreimenting,Observational,NA,trap making,crab trap making,NA,NA,"Anderson, 1983: 359-361"
Southeast Asia,Central Thai,AO07,Intensive agriculturalist,1969-1970,NA,NA,NA,NA,NA,older chidren,NA,NA,Horizontal,NA,NA,observation and expreimenting,Observational,NA,toy making,the making of play and game equipment,NA,NA,"Anderson, 1983: 359-361"
Southeast Asia,Eastern Toraja,OG11,Horticulturalists,1892-1932,workshop,indoor,"12, 14 years of age",middle childhood,Single,NA,adulthood,Single,Vertical,father,Kin-based,"help with preparation, brief instruction",Interactive,NA,metal working,blacksmithing,Metal,The son himself must present passion to be taught by the father,"Adriani and Kruijt, 1951a: 624"
Southeast Asia,Eastern Toraja,OG11,Horticulturalists,1892-1932,NA,NA,little girls,NA,NA,NA,adulthood,Single,Vertical,mother,Kin-based,observation and imitation,Observational,NA,clothes making,bark cloth making,Plant fiber,NA,"Adriani and Kruijt, 1951a: 622-623"
Southeast Asia,Eastern Toraja,OG11,Horticulturalists,1892-1932,NA,NA,girl,NA,NA,NA,adulthood,Single,Oblique,worker,Success-based,"imitation, advice and instruction",Interactive,NA,pottery making,pottery making,Clay,men are not forbidden to make pots but it is still a gendered skill,"Adriani and Kruijt, 1951b: 651"
Southeast Asia,Ifugao,OA19,Intensive agriculturalist,NA,NA,NA,NA,NA,NA,older sisters,adulthood,NA,Vertical/Oblique,"mother, sisters",Kin-based,helping and practice under supervision,Interactive,a short period of time,weaving,weaving,Plant fiber,The weaving tools are made by men.,"Lambrecht, 1958: 1"
Southeast Asia,Ifugao,OA19,Intensive agriculturalist,1937,NA,NA,boys,NA,Single,NA,adulthood,Single,Oblique,NA,Success-based,teach,Interactive,NA,fishing devices making ,fish hook making,NA,NA,"Barton, 1938: 44-45"
Southeast Asia,Ifugao,OA19,Intensive agriculturalist,1937,NA,NA,boys,NA,Single,older boy,adulthood,Single,Oblique/Horizontal,playmates,Mixed,teach; experimenting and correction,Interactive,NA,trap making,crap and bird trap making,NA,NA,"Barton, 1938: 43, 44-45"
Southeast Asia,Javanese,OE05,Intensive agriculturalist,1986-1988,NA,NA,NA,NA,NA,NA,adulthood,NA,Vertical/Oblique,parents and grandparents,Kin-based,NA,NA,NA,clothes making,batik making (cloth dying),Plant fiber,NA,"Brenner, 1998: 196; Koentjaraningrat, 1985: 242-243"
Southeast Asia,Malays,AN05,Intensive agriculturalist,NA,NA,NA,boys,NA,NA,NA,adulthood,Multiple,Vertical,parents,Kin-based,helping,Interactive,NA,trap making,trap making,NA,NA,"Wilkinson, 1920: 12-13"
Southeast Asia,Malays,AN05,Intensive agriculturalist,NA,NA,NA,youths,NA,NA,NA,adulthood,Single,Oblique,unrelated individuals,Success-based,helping/apprenticeship,Interactive,NA,metal working,metal working,Metal,The learners need to first show talents,"Wilkinson, 1920: 12-13"
Southeast Asia,Sama-Bajau,OA08,Primarily hunter-gatherers,"1963, 1965-1967, 1977, 1982, 1997",NA,NA,young boy,NA,Single,NA,adulthood,Single,Vertical,father,Kin-based,helping,Interactive,NA,boat making,boat making,Wood,"It is usually an individual project but collaboration is allowed. Common skill as boat is required as bride price. At 14 or 15, they are able to make their first boats","Nimmo, 2000: 51, 53; Jumala, 2011: 107"
Southeast Asia,Sama-Bajau,OA08,Primarily hunter-gatherers,1979,NA,NA,girls in late childhood,middle childhood,NA,NA,adulthood,Single,Vertical,mother,Kin-based,NA,NA,NA,mat making,weaving,Plant fiber,gendered skill,"Teo, 1989: 107, 76"
Southeast Asia,Sama-Bajau,OA08,Primarily hunter-gatherers,1979,NA,NA,boys in late childhood,middle childhood,NA,NA,adulthood,Single,Vertical,father,Kin-based,taught,Interactive,NA,net making,net weaving,Plant fiber,gendered skill,"Teo, 1989: 107, 76"
Southeast Asia,Sama-Bajau,OA08,Primarily hunter-gatherers,1979,NA,NA,boys in late childhood,middle childhood,NA,NA,adulthood,Single,Vertical,father,Kin-based,taught,Interactive,NA,fishing devices making ,fish trap making,NA,gendered skill,"Teo, 1989: 107, 76"
Southeast Asia,Sama-Bajau,OA08,Primarily hunter-gatherers,1979,NA,NA,boys in late childhood,middle childhood,NA,NA,adulthood,Single,Vertical,father,Kin-based,taught,Interactive,NA,woodworking,woodcarving,Wood,gendered skill,"Teo, 1989: 107, 76"
Southeast Asia,Sama-Bajau,OA08,Primarily hunter-gatherers,1979,NA,NA,boys in late childhood,middle childhood,NA,NA,adulthood,Single,Vertical,father,Kin-based,taught,Interactive,NA,basket making,basket making,NA,gendered skill,"Teo, 1989: 107, 76"
Southeast Asia,Semai,AN06,Horticulturalists,"1962-1963, 1975",NA,NA,NA,NA,NA,NA,adulthood,NA,Vertical/Oblique,"parents, grandparents",Kin-based,"imitation, explicit instruction, play",Interactive,NA,general toolmaking,a small version of the appropriate tool,NA,NA,"Dentan, 1978: 126"
Southeast Asia,Semai,AN06,Horticulturalists,1977-1981,NA,NA,boys,NA,NA,NA,NA,NA,NA,older members of the same sex,Success-based,NA,NA,NA,weapon making,blowpipe making,Plant fiber,NA,"Howell, 1984: 46-47"
Southeast Asia,Semai,AN06,Horticulturalists,1977-1981,NA,NA,girls,NA,NA,NA,NA,NA,NA,older members of the same sex,Success-based,NA,NA,NA,mat making,mat making,Plant fiber,NA,"Howell, 1984: 46-47"
Southeast Asia,Semai,AN06,Horticulturalists,1977-1981,NA,NA,girls,NA,NA,NA,NA,NA,NA,older members of the same sex,Success-based,NA,NA,NA,bag making,bag making,Plant fiber,NA,"Howell, 1984: 46-47"
Southeast Asia,Vietnamese,AM11,Intensive agriculturalist,"1958-1959, 1962-1964",NA,NA,NA,NA,NA,NA,adulthood,Single,Vertical/Oblique,"father-son, uncle-nephew",Kin-based,Apprenticeship,Interactive,NA,woodworking,woodworking,Wood,It is possible to do apprenticeship with a non-kin in another village,"Hickey, 1964: 165-166"
Southeast Asia,Vietnamese,AM11,Intensive agriculturalist,"1990-1992, 1993-1994",NA,NA,NA,NA,NA,NA,adulthood,NA,Vertical/Oblique,"sons, sons-in-law, and patrilineal descendants",Kin-based,taught,Interactive,NA,ritual item making,paper votive items for the dead,NA,The most important knowledge was taught exclusively to senior men; restricted to patralinial male kins,"Malarney, 1998: 273-274"
Southeast Asia,Vietnamese,AM11,Intensive agriculturalist,"1990-1992, 1993-1994",NA,NA,NA,NA,NA,NA,adulthood,NA,Vertical/Oblique,"sons, sons-in-law, and patrilineal descendants",Kin-based,taught,Interactive,NA,miscellaneous,traditional ink-block prints,NA,The most important knowledge was taught exclusively to senior men; restricted to patralinial male kins,"Malarney, 1998: 273-274"
Scandinavia,Saami,EP04,Pastoralists,1958-1959,NA,NA,boy in mid or late teen,NA,NA,NA,adulthood,Single,Vertical,father,Kin-based,scaffolding and teaching,Interactive,NA,boat making,boat making,Wood,The training is highly permissive. The author mentioned a case of prodigy where the learner made his first sled when he was 8.,"Pelto and Pertti, 1962: 112"
Scandinavia,Saami,EP04,Pastoralists,1958-1959,NA,NA,boy in mid or late teen,NA,NA,NA,adulthood,Single,Vertical,father,Kin-based,scaffolding and teaching,Interactive,NA,vehicles making,sleds,Wood,The training is highly permissive. The author mentioned a case of prodigy where the learner made his first sled when he was 8.,"Pelto and Pertti, 1962: 112"
Scandinavia,Saami,EP04,Pastoralists,"1934, 1958-1959",NA,NA,"boy in mid or late teen, girl of 14",adolescence,NA,NA,adulthood,Multiple,Vertical/Oblique,"father, mother, grandmother",Kin-based,"scaffolding and teaching, instruct",Interactive,NA,clothes making,reindeer collars; shoes; fur koltes and leather garments,Leather,The training is highly permissive. The author mentioned a case of prodigy where the learner made his first sled when he was 8.,"Pelto and Pertti, 1962: 112; Bernatzik and Ogilvie, 1938: 99-100"
Scandinavia,Saami,EP04,Pastoralists,1958-1959,NA,NA,boy in mid or late teen,NA,NA,NA,adulthood,Single,Vertical,father,Kin-based,scaffolding and teaching,Interactive,NA,horse harnesses making,harness,NA,The training is highly permissive. The author mentioned a case of prodigy where the learner made his first sled when he was 8.,"Pelto and Pertti, 1962: 112"
Scandinavia,Saami,EP04,Pastoralists,1958-1959,NA,NA,boy in mid or late teen,NA,NA,NA,adulthood,Single,Vertical,father,Kin-based,scaffolding and teaching,Interactive,NA,general toolmaking,numerous other items,NA,The training is highly permissive. The author mentioned a case of prodigy where the learner made his first sled when he was 8.,"Pelto and Pertti, 1962: 112"
Scandinavia,Saami,EP04,Pastoralists,1934,NA,NA,girl of 14,adolescence,NA,NA,adulthood,Multiple,Vertical/Oblique,"mother, grandmother",Kin-based,instruct,Interactive,NA,ornament making,weave ribbons,Plant fiber,gendered skill,"Bernatzik and Ogilvie, 1938: 99-100"
Scandinavia,Saami,EP04,Pastoralists,1913-1947; 1934,NA,NA,girl of 14; girl of 10,middle childhood,NA,NA,adulthood,Multiple,Vertical/Oblique,"mother, grandmother",Kin-based,instruct,Interactive,NA,raw material processing,spin sinew yarn; tendon string making,Leather,gendered skill,"Bernatzik and Ogilvie, 1938: 99-100; Itkonen, Guemati, and Perez-Roman, 1948: 769-772"
Caribbean,Island Carib,ST13,Primarily hunter-gatherers,NA,NA,NA,boys of 4-5,infancy and early childhood,NA,NA,adulthood,Single,Vertical,father,Kin-based,training,Interactive,NA,basket making,basket making,Plant fiber,gendered skill,"Rouse, 1948: 57-58"
Caribbean,Island Carib,ST13,Primarily hunter-gatherers,NA,NA,NA,boys of 4-5,infancy and early childhood,NA,NA,adulthood,Single,Vertical,father,Kin-based,training,Interactive,NA,boat making,canoe making,Wood,gendered skill,"Rouse, 1948: 57-58"
Caribbean,Island Carib,ST13,Primarily hunter-gatherers,NA,NA,NA,girls,NA,NA,NA,adulthood,Single,Vertical,mother,Kin-based,NA,NA,NA,weaving,cotton weaving,Plant fiber,gendered skill,"Rouse, 1948: 57-58"
Caribbean,Island Carib,ST13,Primarily hunter-gatherers,NA,NA,NA,girls,NA,NA,NA,adulthood,Single,Vertical,mother,Kin-based,NA,NA,NA,hammock making,hammock making,Plant fiber,gendered skill,"Rouse, 1948: 57-58"
Caribbean,Island Carib,ST13,Primarily hunter-gatherers,1974-1975,NA,NA,boys of 4-5,infancy and early childhood,NA,NA,adulthood,Single,Vertical,father,Kin-based,training,Interactive,NA,weapon making,weapon making,NA,gendered skill,"Layng, 1983: 26-27"
Caribbean,Island Carib,ST13,Primarily hunter-gatherers,1974-1975,NA,NA,boys of 4-5,infancy and early childhood,NA,NA,adulthood,Single,Vertical,father,Kin-based,training,Interactive,NA,general toolmaking,other implements,NA,NA,"Layng, 1983: 26-27"
Caribbean,Island Carib,ST13,Primarily hunter-gatherers,1974-1975,NA,NA,girls,NA,NA,NA,adulthood,Single,Vertical,mother,Kin-based,NA,NA,NA,pottery making,pottery making,Clay,gendered skill,"Layng, 1983: 26-27"
Central America,Garifuna,SA12,Horticulturalists,1956-1957,NA,NA,boys after 10,middle childhood,Single,NA,adulthood,Single,Vertical,father,Kin-based,teach,Interactive,NA,boat making,canoe making,Wood,NA,"GonzÃ¡lez, 1969: 48"
Central America,Garifuna,SA12,Horticulturalists,1956-1957,NA,NA,boys after 10,middle childhood,Single,NA,adulthood,Single,Vertical,father,Kin-based,teach,Interactive,NA,net making,net making,Plant fiber,NA,"GonzÃ¡lez, 1969: 48"
Central America,Kuna,SB05,Horticulturalists,1680-1681,NA,NA,boys,NA,NA,NA,NA,NA,NA,NA,NA,NA,NA,NA,basket making,basket making,Plant fiber,NA,"Wafer, 1934: 95"
Central America,Kuna,SB05,Horticulturalists,Ca. 1968-1970s,NA,NA,children from an early age,NA,NA,NA,adulthood,Multiple,Vertical,parents,Kin-based,"observation, participation, and verbal instruction",Interactive,NA,clothes making,mola (textile) making,NA,NA,"Sherzer, 1983: 223"
Central Mexico,Nahua,NU46,Other subsistence combinations,1943-1948,NA,NA,NA,NA,NA,NA,adulthood,Single,Vertical,father,Kin-based,train,Interactive,NA,woodworking,woodworking,Wood,The sexual division of labor is relatively strict,"Lewis, 1951: 98"
Central Mexico,Nahua,NU46,Other subsistence combinations,1943-1948,NA,NA,NA,NA,NA,NA,adulthood,Single,Vertical,father,Kin-based,train,Interactive,NA,stoneworking,masonary,Stone,The sexual division of labor is relatively strict,"Lewis, 1951: 98"
Central Mexico,Nahua,NU46,Other subsistence combinations,1943-1948,NA,NA,NA,NA,NA,NA,adulthood,Single,Vertical,father,Kin-based,train,Interactive,NA,clothes making,shoemaking,NA,The sexual division of labor is relatively strict,"Lewis, 1951: 98"
Central Mexico,Zapotec,NU44,Horticulturalists,1965-1967,"residence lot, street corner, quarry",mixed,17.5,adulthood,Multiple,NA,adulthood,Multiple,Vertical/Oblique,"father, brothers, unrelated individuals",Kin-based,Apprenticeship,Observational,NA,stoneworking,groundstone toolmaking(metate),Stone,"The social status and hiearchy is clearly described. Much of what any apprentice learns is on his own initiative
through trial and error or imitation.","Cook, 1979: 189-191"
Central Mexico,Zapotec,NU44,Horticulturalists,1966-1967,NA,NA,men,NA,NA,NA,adulthood,NA,NA,Kins and non-kins,Mixed,Apprenticeship,Observational,NA,weaving,weaving,Plant fiber,"Of 105 men who stated they knew how to weave, 74.3% said they learned from a relative and 25.7% learned from a non-relative.","Vargas-Barón, 1979: 96"
Maya Area,Mam Maya,NW08,Horticulturalists,1937,NA,NA,girl of 9,middle childhood,Single,NA,adulthood,Single,Vertical,mother,Kin-based,imitation and experimenting,Observational,NA,weaving,weaving,Plant fiber,NA,"Wagley, 1949: 34"
Maya Area,Maya (Yucatan Peninsula),NV10,Horticulturalists,1963-1968,NA,NA,four or five years,infancy and early childhood,NA,NA,NA,NA,NA,NA,NA,NA,NA,NA,weaving,weaving,Plant fiber,"No gender restrictions when they are kids, ","Press, 1975: 93-94"
Maya Area,Maya (Yucatan Peninsula),NV10,Horticulturalists,1963-1968,NA,NA,girls 8-9,middle childhood,NA,NA,NA,NA,NA,NA,NA,NA,NA,NA,clothes making,clothes making,NA,multi-staged learning;by 15 girls become very good at it,"Press, 1975: 93-94; Elmendorf, 1976: 95"
Maya Area,Quiche Maya,NW10,Intensive agriculturalist,1930-1932,NA,NA,girl,NA,NA,NA,adulthood,Single,Oblique,grandmother,Success-based,NA,NA,NA,weaving,weaving,NA,The success-based exceeds the kin-basd bias here,"Bunzel, 1952: 106-107"
Maya Area,Tzeltal,NV09,Horticulturalists,"1957-1958, 1965-1967",NA,NA,11,middle childhood,NA,NA,adulthood,Single,Vertical/Oblique,"mother, mother-in-law",Kin-based,emulation+explicit instruction,Interactive,NA,pottery making,pottery making,Clay,gendered skills. Men are mostly responsible for selling potteries. Very lingustic segmentation of technological detail.,"Nash, 1970: 55-56, 274-275; Hunt, 1962: 168"
Maya Area,Tzeltal,NV09,Horticulturalists,NA,NA,NA,girl of 6 or 7,middle childhood,NA,NA,adulthood,Single,Vertical,mother,Kin-based,NA,NA,NA,clothes making,weaving and sewing,Plant fiber,gendered skill,"Stross, 1971: 65-66; Hunt, 1962: 94"
Maya Area,Tzeltal,NV09,Horticulturalists,NA,NA,NA,boys of 6 or 7,middle childhood,NA,NA,adulthood,Single,Vertical,father,Kin-based,taught,Interactive,NA,bag making,net bag making,Plant fiber,gendered skill,"Stross, 1971: 65-66"
Northern Mexico,Tarahumara,NU33,Agro-pastoralists,1930-1931,NA,NA,women,NA,NA,NA,NA,NA,NA,NA,NA,NA,NA,NA,stoneworking,groundstone toolmaking(metate),Stone,gendered skill,"Bennett and Zingg, 1935: 79-80"
Middle East,Lur,MA12,Agro-pastoralists,1965-1985,NA,NA,girl,NA,NA,NA,adulthood,Single,Vertical,mother,Kin-based,teach,Interactive,NA,clothes making,"to card wool, to spin, to sew, to weave",Plant fiber,Parvane is Atri's daughter,"Friedl, 1989: 204"
Arctic and Subarctic,Aleut,NA06,Hunter-gatherers,1987-1990,NA,NA,Young women,NA,NA,NA,adulthood,Single,Vertical,mother,Kin-based,instructed,Interactive,NA,clothes making,"make any kind of clothing, to embroider designs with the hair of animals, to weave carpets [mats] and baskets",Plant fiber,gendered skills,"Petrivelli et al., 1992: 440-441; Lantis, 1970: 196"
Arctic and Subarctic,Aleut,NA06,Hunter-gatherers,1987-1990,NA,NA,Young women,NA,NA,NA,adulthood,Single,Vertical,mother,Kin-based,instructed,Interactive,NA,basket making,basket making,Plant fiber,gendered skills,"Petrivelli et al., 1992: 440-441; Lantis, 1970: 196"
Arctic and Subarctic,Aleut,NA06,Hunter-gatherers,1987-1990,NA,NA,Young women,NA,NA,NA,adulthood,Single,Vertical,mother,Kin-based,instructed,Interactive,NA,mat making,mat making,Plant fiber,gendered skills,"Petrivelli et al., 1992: 440-441; Lantis, 1970: 196"
Arctic and Subarctic,Aleut,NA06,Hunter-gatherers,1933-1934,NA,NA,six to eight,middle childhood,NA,NA,adulthood,Single,Oblique,maternal uncle,Kin-based,"instructed, emulaton",Interactive,NA,boat making,baidarkas (canoe) making,Wood,It was also mentioned that they used penis bone as flaker in stone knapping? managed to make their own boat reaching 16-17,"Petrivelli et al., 1992: 440-441; Lantis, 1970: 196; Langsdorff, 1817: 340; Laughlin, 1980: 30-31"
Arctic and Subarctic,Alutiq,NA10,Hunter-gatherers,1931-1936,NA,NA,from the earliest age/<5 or 6,infancy and early childhood,NA,NA,adulthood,Single,Vertical,father,Kin-based,NA,NA,NA,boat making,boat making,Wood,gendered skills,"Hrdlicka, 1975: 79"
Arctic and Subarctic,Alutiq,NA10,Hunter-gatherers,1931-1936,NA,NA,from the earliest age/<5 or 6,infancy and early childhood,NA,NA,adulthood,Single,Vertical,father,Kin-based,NA,NA,NA,weapon making,bow and arrow making,NA,gendered skills,"Hrdlicka, 1975: 79"
Arctic and Subarctic,Alutiq,NA10,Hunter-gatherers,1931-1936,NA,NA,NA,NA,NA,NA,adulthood,NA,NA,NA,NA,taught,Interactive,NA,clothes making,"sew, make designs, embroider bags, braid cords, weave hats, mats; make containers or buckets",NA,gendered skills,"Hrdlicka, 1975: 79"
Arctic and Subarctic,Alutiq,NA10,Hunter-gatherers,1931-1936,NA,NA,NA,NA,NA,NA,adulthood,NA,NA,NA,NA,taught,Interactive,NA,mat making,mat making,NA,gendered skills,"Hrdlicka, 1975: 79"
Arctic and Subarctic,Alutiq,NA10,Hunter-gatherers,1931-1936,NA,NA,NA,NA,NA,NA,adulthood,NA,NA,NA,NA,taught,Interactive,NA,vessel making,containers or buckets making,NA,gendered skills,"Hrdlicka, 1975: 79"
Arctic and Subarctic,Chipewyans,ND07,Hunter-gatherers,1975-1976,NA,NA,15,adolescence,Single,71,adulthood,Multiple,Vertical,"Adopted-father, Adopted-mother",Kin-based,Observation and some advice,Interactive,NA,clothes making,snowshoe making,NA,The learner's adopted mother is not the model but gave advice,"Irimoto, 1981: 143"
Arctic and Subarctic,Chipewyans,ND07,Hunter-gatherers,1971-1979,trapline,outdoor,NA,NA,NA,NA,adulthood,Multiple,Vertical/Oblique,"father, brothers",Kin-based,Apprenticeship,Interactive,NA,trap making,trap making,NA,Wife as assistant is allowed by rare,"Jarvenpa, 1980: 146-147"
Arctic and Subarctic,Chipewyans,ND07,Hunter-gatherers,NA,NA,NA,boys,NA,NA,NA,NA,NA,NA,NA,NA,taught,Interactive,NA,weapon making,bow and arrow making,NA,NA,"Li and Scollon, 1976: 6"
Arctic and Subarctic,Chipewyans,ND07,Hunter-gatherers,NA,NA,NA,boys,NA,NA,NA,NA,NA,NA,NA,NA,taught,Interactive,NA,net making,net making,Plant fiber,NA,"Li and Scollon, 1976: 6"
Arctic and Subarctic,Chipewyans,ND07,Hunter-gatherers,NA,NA,NA,boys,NA,NA,NA,NA,NA,NA,NA,NA,taught,Interactive,NA,trap making,trap making,NA,NA,"Li and Scollon, 1976: 6"
Arctic and Subarctic,Copper Inuit,ND08,Hunter-gatherers,1913-1916,NA,NA,girl,NA,NA,NA,adulthood,Single,Vertical,mother,Kin-based,train,NA,NA,clothes making,clothes making,NA,step-wise learning process ,"Jenness, 1946: 87"
Arctic and Subarctic,Eyak,NA07,Hunter-gatherers,"1930, 1933, 1935",special hut,indoor,girls in puberty,middle childhood,NA,NA,adulthood,Multiple,Vertical/Oblique,mother or other old women,Kin-based,teach,Interactive,NA,clothes making,sewing,NA,Initiation ceremony learning,"Birket-Smith and De Laguna, 1938: 156-157"
Arctic and Subarctic,Eyak,NA07,Hunter-gatherers,"1930, 1933, 1935",special hut,indoor,girls in puberty,middle childhood,NA,NA,adulthood,Multiple,Vertical/Oblique,mother or other old women,Kin-based,teach,Interactive,NA,basket making,basket making,Plant fiber,Initiation ceremony learning,"Birket-Smith and De Laguna, 1938: 156-157"
Arctic and Subarctic,Innu,NH06,Hunter-gatherers,1935,family tent,indoor,girl,NA,NA,NA,adulthood,Multiple,Vertical,parents,Kin-based,teaching,Interactive,NA,clothes making,"the manufacture of moccasins birch-bark baskets and rabbit-skin blankets and the techniques of netting, needlework, and other handicraft reserved for the feminine sex",NA,five to six boys share a teacher who teaches history of the tribe,"Lips, 1947: 414"
Arctic and Subarctic,Innu,NH06,Hunter-gatherers,1935,family tent,indoor,girl,NA,NA,NA,adulthood,Multiple,Vertical,parents,Kin-based,teaching,Interactive,NA,basket making,"the manufacture of moccasins birch-bark baskets and rabbit-skin blankets and the techniques of netting, needlework, and other handicraft reserved for the feminine sex",Plant fiber,five to six boys share a teacher who teaches history of the tribe,"Lips, 1947: 414"
Arctic and Subarctic,Innu,NH06,Hunter-gatherers,1935,family tent,indoor,girl,NA,NA,NA,adulthood,Multiple,Vertical,parents,Kin-based,teaching,Interactive,NA,net making,"the manufacture of moccasins birch-bark baskets and rabbit-skin blankets and the techniques of netting, needlework, and other handicraft reserved for the feminine sex",Plant fiber,five to six boys share a teacher who teaches history of the tribe,"Lips, 1947: 414"
Arctic and Subarctic,Innu,NH06,Hunter-gatherers,1935,family tent,indoor,girl,NA,NA,NA,adulthood,Multiple,Vertical,parents,Kin-based,teaching,Interactive,NA,miscellaneous,other handicraft reserved for the feminine sex,NA,five to six boys share a teacher who teaches history of the tribe,"Lips, 1947: 414"
Arctic and Subarctic,Innu,NH06,Hunter-gatherers,1935,NA,NA,boys at a very tender age,NA,NA,NA,adulthood,Single,Vertical/Oblique,"father, other old men",Kin-based,teaching,Interactive,NA,general toolmaking,the manufacture of the tools for his material necessities,NA,NA,"Lips, 1947: 413-414"
Arctic and Subarctic,Kaska,ND12,Hunter-gatherers,1943-1945,NA,NA,8,middle childhood,NA,older brothers,adulthood,Multiple,Vertical/Oblique,"father, brothers",Kin-based,Observation and assistance,Interactive,NA,vehicles making,vehicles making,NA,girls learn things earlier than boys.,"Honigmann and Bennett, 1949: 185-186"
Arctic and Subarctic,Kaska,ND12,Hunter-gatherers,1943-1945,NA,NA,8,middle childhood,NA,older brothers,adulthood,Multiple,Vertical/Oblique,"father, brothers",Kin-based,Observation and assistance,Interactive,NA,general toolmaking,manufacture implements and tools,NA,girls learn things earlier than boys.,"Honigmann and Bennett, 1949: 185-186"
Arctic and Subarctic,Kaska,ND12,Hunter-gatherers,"1912, 1915",lodge,indoor,puberty/isolation,middle childhood,NA,NA,adulthood,Multiple,Vertical/Oblique,"mother, other female relatives and neighbors",Kin-based,instruction,Interactive,NA,clothes making,"sewing and embroidery, to make moccasins, do netting, fill snowshoes",NA,initiation ceremoy learning; men are not allowed to approach to girls at this stage,"Teit and Helm, 1956: 115-119"
Arctic and Subarctic,Ojibwa,NG06,Hunter-gatherers,1938,NA,NA,after puberty rites,adolescence,NA,NA,adulthood,Multiple,Vertical/Oblique,"father, other older men",Kin-based,helping,Interactive,NA,weapon making,bow and arrow making,NA,gendered skills,"Hilger, 1939: 101-102"
Arctic and Subarctic,Ojibwa,NG06,Hunter-gatherers,"1905-1925, 1938",NA,NA,"little girl before 10, after puberty rites",middle childhood,NA,NA,adulthood,Single,Vertical/Oblique,"mother, grandmother",Kin-based,"teaching, making minature",Interactive,NA,clothes making,sewing,NA,"gendered skills; The ""parents"" refer to grandfather and great grandmother","Hilger, 1939: 101-102; Densmore, 1929: 60-61, 190; Hilger, 1951: 55-56; Theriault, 1992: 18"
Arctic and Subarctic,Ojibwa,NG06,Hunter-gatherers,1938,NA,NA,after puberty rites,adolescence,NA,NA,adulthood,Single,Vertical,mother,Kin-based,"teaching, making minature",Interactive,NA,vessel making,birch-bark vessels,Plant fiber,gendered skills,"Hilger, 1939: 101-102; Densmore, 1929: 60-61; Hilger, 1951: 56"
Arctic and Subarctic,Ojibwa,NG06,Hunter-gatherers,1938,NA,NA,after puberty rites,adolescence,NA,NA,adulthood,Single,Vertical,mother,Kin-based,"teaching, making minature",Interactive,NA,ornament making,beadwork,NA,gendered skills,"Hilger, 1939: 101-102; Densmore, 1929: 60-61; Hilger, 1951: 56"
Arctic and Subarctic,Ojibwa,NG06,Hunter-gatherers,1932-1940,NA,NA,little girls,NA,NA,NA,adulthood,Multiple,Vertical/Oblique,"mother, grandmother, non-related individual",Mixed,NA,NA,NA,raw material processing,hidework,Leather,gendered skill,"Hilger, 1951, 55; Landes, 1938: 15-16"
Arctic and Subarctic,Ojibwa,NG06,Hunter-gatherers,NA,NA,NA,little girl before 10,middle childhood,NA,NA,adulthood,Multiple,Oblique,great-grandparents and grandfather,Kin-based,NA,NA,NA,net making,net making,Plant fiber,"The ""parents"" refer to grandfather and great grandmother","Theriault, 1992: 18; Hilger, 1951, 55"
Arctic and Subarctic,Ojibwa,NG06,Hunter-gatherers,Ca. 1932,NA,NA,boy,NA,NA,NA,adulthood,Multiple,Vertical,parents,Kin-based,teach,Interactive,NA,trap making,trap making,NA,The learner's mother taught simpler traps and his father taught more complex ones ,"Landes, 1938: 12; Landes, 1937: 118-119"
Arctic and Subarctic,Ojibwa,NG06,Hunter-gatherers,1929,NA,NA,girls at 7,middle childhood,NA,NA,adulthood,Multiple,Vertical/Oblique,"parents, grandparents",Kin-based,taught,Interactive,NA,mat making,mat making,Plant fiber,NA,"Jennes, 1935: 94"
Arctic and Subarctic,Ojibwa,NG06,Hunter-gatherers,1929,NA,NA,girls at 7,middle childhood,NA,NA,adulthood,Multiple,Vertical/Oblique,"parents, grandparents",Kin-based,taught,Interactive,NA,basket making,basket making,Plant fiber,NA,"Jennes, 1935: 94"
Arctic and Subarctic,Western Woods Cree,NG08,Hunter-gatherers,"1938, 1940",NA,NA,girls before puberty,middle childhood,NA,NA,adulthood,Single,Vertical,mother,Kin-based,show,Observational,NA,clothes making,clothes making,NA,NA,"Mason, 1967: 47-48"
Eastern Woodlands,Cherokee,NN08,Other subsistence combinations,1951,NA,NA,NA,NA,NA,NA,adulthood,Single,Oblique,"brothers, uncle-nephew",Mixed,NA,NA,NA,woodworking,woodcarving,Wood,The model has also demonstrated and trained a larger pool of learner,"Leftwich, 1986: 99-100"
Eastern Woodlands,Cherokee,NN08,Other subsistence combinations,1932,NA,NA,"boys of 4 or 5, children during adolescence",infancy and early childhood,NA,older brothers,adulthood,Multiple,Vertical/Horizontal,"father, older brother",Kin-based,"supervision, apprenticeship",Interactive,NA,weapon making,bow and arrow making,NA,gendered skills,"Gilbert, 1978: 255; French et al., 1981: 13"
Eastern Woodlands,Cherokee,NN08,Other subsistence combinations,1932,NA,NA,"girls of 4 or 5, children during adolescence",infancy and early childhood,NA,NA,adulthood,Multiple,Vertical/Oblique,immediate adult famility members,Kin-based,apprenticeship,Interactive,NA,basket making,basket making,Plant fiber,Leftwich mentioned an interviewee started to make her basket starting from 10,"Gilbert, 1978: 255; Leftwich, 1986: 2; French et al., 1981: 13"
Eastern Woodlands,Cherokee,NN08,Other subsistence combinations,1932,NA,NA,"girls of 4 or 5, children during adolescence",infancy and early childhood,NA,NA,adulthood,Multiple,Vertical/Oblique,immediate adult famility members,Kin-based,apprenticeship,Interactive,NA,pottery making,pottery making,Clay,gendered skills,"Gilbert, 1978: 255; French et al., 1981: 13"
Eastern Woodlands,Cherokee,NN08,Other subsistence combinations,NA,NA,NA,girls when very young,NA,NA,NA,NA,Multiple,Vertical/Oblique,"mother, female clan members",Kin-based,taught,Interactive,NA,clothes making,clothes making,NA,gendered skills,"Fox, 2003: 357; Wahnenauhi and Kilpatrick, 1966: 190"
Eastern Woodlands,Cherokee,NN08,Other subsistence combinations,NA,NA,NA,children during adolescence,adolescence,NA,NA,adulthood,Multiple,Vertical/Oblique,immediate adult famility members,Kin-based,apprenticeship,Interactive,NA,raw material processing,leather working,Leather,NA,"French et al., 1981: 13"
Eastern Woodlands,Delaware,NM07,Primarily hunter-gatherers,1938,NA,NA,girls at an early age,NA,NA,NA,adulthood,NA,Vertical/Oblique,Parents or other elders,Kin-based,instructed,Interactive,NA,pottery making,pottery making,Clay,NA,"Kinietz, 1946: 45-46"
Eastern Woodlands,Delaware,NM07,Primarily hunter-gatherers,1938,NA,NA,girls at an early age,NA,NA,NA,adulthood,NA,Vertical/Oblique,Parents or other elders,Kin-based,instructed,Interactive,NA,basket making,basket making,Plant fiber,NA,"Kinietz, 1946: 45-46"
Eastern Woodlands,Fox,NP05,Other subsistence combinations,"1897-1904, 1937",NA,NA,girls of 12,middle childhood,NA,NA,adulthood,Single,Vertical,mother,Kin-based,taught,Interactive,NA,clothes making,"sewing, sack making, moccasins",NA,gendered skills; They learned sewing by making cloth for dolls,"Joffe, 1963: 268-269; Michelson, 1925: 84; Jones, 1939: 112"
Eastern Woodlands,Fox,NP05,Other subsistence combinations,1937,NA,NA,girls of 12,middle childhood,NA,NA,adulthood,Single,Vertical,mother,Kin-based,taught,Interactive,NA,mat making,house mat making,NA,gendered skills,"Joffe, 1963: 268-269"
Eastern Woodlands,Fox,NP05,Other subsistence combinations,1911-1921,NA,NA,girls of 15,adolescence,NA,NA,adulthood,Single,Vertical,parents (mother),Kin-based,teach,Interactive,NA,ornament making,"beadwork, ribbon applique making",NA,"gendered skills. Michelson only mentioend parents, and mother is narrowed down through Joffe 1963","Michelson, 1925: 84; Joffe, 1963: 268-269"
Eastern Woodlands,Huron/Wendat,NG05,Other subsistence combinations,NA,NA,NA,girls,NA,NA,NA,NA,NA,NA,NA,NA,taught,Interactive,NA,pottery making,pottery making,Clay,gendered skill,"Heidenreich, 1978: 383"
Eastern Woodlands,Mi'kmaq,NJ05,Hunter-gatherers,"1911-1912, 1950",NA,NA,boys,NA,NA,NA,adulthood,Single,Oblique,grandfather,Kin-based,teach,Interactive,NA,pottery making,Indian wares (pottery) making,Clay,NA,"Wallis, 1953: 121"
Eastern Woodlands,Mi'kmaq,NJ05,Hunter-gatherers,NA,NA,NA,young girls ,NA,NA,NA,adulthood,Single,Vertical,mother,Kin-based,helping,Interactive,NA,raw material processing,processing skins,Leather,gendered skill,"Bock, 1978: 113-114"
Eastern Woodlands,Mi'kmaq,NJ05,Hunter-gatherers,NA,NA,NA,young girls ,NA,NA,NA,adulthood,Single,Vertical,mother,Kin-based,helping,Interactive,NA,clothes making,clothes making,NA,gendered skill,"Bock, 1978: 113-114"
Eastern Woodlands,Mi'kmaq,NJ05,Hunter-gatherers,NA,NA,NA,young girls ,NA,NA,NA,adulthood,Single,Vertical,mother,Kin-based,helping,Interactive,NA,vessel making,bark containers making,Plant fiber,gendered skill,"Bock, 1978: 113-114"
Eastern Woodlands,Natchez,NO08,Other subsistence combinations,NA,NA,NA,girls of 12,middle childhood,NA,NA,NA,NA,NA,mother,Kin-based,NA,NA,NA,pottery making,pottery making,Clay,NA,"Lorentz, 2020: 10"
Eastern Woodlands,Natchez,NO08,Other subsistence combinations,NA,NA,NA,boys of 12,middle childhood,NA,NA,NA,NA,NA,father,Kin-based,NA,NA,NA,general toolmaking,tools and weapons,NA,NA,"Lorentz, 2020: 10"
Eastern Woodlands,Natchez,NO08,Other subsistence combinations,NA,NA,NA,boys of 12,middle childhood,NA,NA,NA,NA,NA,father,Kin-based,NA,NA,NA,weapon making,tools and weapons,NA,NA,"Lorentz, 2020: 10"
Eastern Woodlands,Seminole,NN16,Horticulturalists,1963-1965,NA,NA,girls,NA,NA,NA,adulthood,Single,Vertical,mother,Kin-based,copy,Observational,NA,clothes making,sewing,NA,gendered skill,"Garbarino, 1972: 72; Garbarino, 1989: 40"
Northwest Coast and California,Chinookans Of The Lower Columbia River,NR06,Hunter-gatherers,"1931, 1936",creek,outdoor,boys,NA,NA,boys,NA,Multiple,Horizontal,playmates,Mixed,play,Interactive,NA,boat making,canoe making,Wood,NA,"Ray, 1938: 97"
Northwest Coast and California,Haida,NE09,Hunter-gatherers,1932,NA,NA,boys before 10,NA,NA,NA,adulthood,Single,Vertical,father,Kin-based,imitation and instruction,Interactive,NA,general toolmaking,handicraft,NA,NA,"Murdock, 1934: 361"
Northwest Coast and California,Haida,NE09,Hunter-gatherers,1932,NA,NA,girls before marriage,NA,NA,NA,adulthood,Single,Vertical,mother,Kin-based,imitation and helping,Interactive,NA,mat making,mat making,Plant fiber,gendered skill,"Murdock, 1934: 359-360; Blackman and Davidson, 1982: 128"
Northwest Coast and California,Haida,NE09,Hunter-gatherers,1932,NA,NA,girls before marriage,NA,NA,NA,adulthood,Single,Vertical,mother,Kin-based,imitation and helping,Interactive,NA,basket making,basket making,Plant fiber,gendered skill,"Murdock, 1934: 359-360; Blackman and Davidson, 1982: 128"
Northwest Coast and California,Nuu-Chah-Nulth,NE11,Hunter-gatherers,1972-1974,library,indoor,children,NA,NA,NA,NA,NA,Vertical/Oblique,"father, uncle",Kin-based,Observation,Observational,NA,woodworking,woodcarving,Wood,they learned their techniques as children but went to libraries to improve their understanding of arts,"Kenyon, 1980: 82"
Northwest Coast and California,Nuxalk,NE06,Hunter-gatherers,1922-1924,NA,NA,girls,NA,NA,NA,adulthood,Single,Vertical,mother,Kin-based,"teach, assist",Interactive,NA,basket making,basket making,Plant fiber,NA,"McIlwraith, 1948: 143"
Northwest Coast and California,Pomo,NS18,Hunter-gatherers,1966-1968,menstrual hut,indoor,girls at their first menstruation,middle childhood,NA,NA,NA,NA,NA,NA,NA,taught,Interactive,NA,basket making,basket making,Plant fiber,Initiation ceremony learning,"Theodoratus, 1971: 343-344"
Northwest Coast and California,Quinault,NR17,Hunter-gatherers,NA,house,indoor,NA,NA,NA,older children,adulthood,Multiple,Vertical/Oblique,many adults and older children,Kin-based,NA,NA,NA,general toolmaking,tool making,NA,The average house had from two to six or more related families and their slaves as permanent residents. ,"Storm and Capoeman, 1990: 54"
Northwest Coast and California,Quinault,NR17,Hunter-gatherers,NA,house,indoor,NA,NA,NA,older children,adulthood,Multiple,Vertical/Oblique,many adults and older children,Kin-based,NA,NA,NA,clothes making,clothes making,NA,The average house had from two to six or more related families and their slaves as permanent residents. ,"Storm and Capoeman, 1990: 54"
Northwest Coast and California,Quinault,NR17,Hunter-gatherers,NA,house,indoor,boys during childhood,NA,NA,older children,adulthood,Multiple,Vertical/Oblique,many adults and older children,Kin-based,NA,NA,NA,woodworking,"carving, carpentry",Wood,The average house had from two to six or more related families and their slaves as permanent residents. ,"Storm and Capoeman, 1990: 54, 127"
Northwest Coast and California,Quinault,NR17,Hunter-gatherers,NA,NA,NA,girls before 12 or 13,middle childhood,NA,older children,adulthood,Multiple,Vertical/Oblique,many adults and older children,Kin-based,NA,NA,NA,basket making,basket making,Plant fiber,The average house had from two to six or more related families and their slaves as permanent residents. ,"Storm and Capoeman, 1990: 54, 127"
Northwest Coast and California,Quinault,NR17,Hunter-gatherers,NA,NA,NA,boys during childhood,NA,NA,NA,NA,NA,NA,NA,NA,NA,NA,NA,boat making,canoe making,Wood,Boys who show these talents will be carefully watched,"Storm and Capoeman, 1990: 127"
Northwest Coast and California,Southern Coast Salish,NR26,Hunter-gatherers,1935-1936,NA,NA,little girls,NA,NA,NA,NA,NA,NA,NA,NA,NA,NA,NA,basket making,basket making,Plant fiber,"All little girls learned to make it, but only those who are good at it will engage in its production in their later life; They made a lot of basket during first mensturation seclusion but not for skill training per se ","Smith, 1940: 305-306; Elmendorf, 1960: 442"
Northwest Coast and California,Tillamook,NR21,Hunter-gatherers,"1956-1958, 1970",NA,NA,second critical period/an early age,NA,NA,NA,NA,NA,NA,NA,NA,NA,NA,NA,boat making,canoe making,Wood,boys' training emphasize courage,"Sauter and Johnson, 1974: 32-34"
Northwest Coast and California,Tillamook,NR21,Hunter-gatherers,"1956-1958, 1970",NA,NA,second critical period/an early age,NA,NA,NA,NA,NA,NA,NA,NA,NA,NA,NA,fishing devices making ,diminutive fish spears,NA,boys' training emphasize courage,"Sauter and Johnson, 1974: 32-34"
Northwest Coast and California,Tillamook,NR21,Hunter-gatherers,"1956-1958, 1970",NA,NA,second critical period/an early age,NA,NA,NA,NA,NA,NA,NA,NA,NA,NA,NA,miscellaneous,mammal bone tools,Bone,girls' training emphasize perseverance,"Sauter and Johnson, 1974: 32-34; Skoggard, 2022: 4"
Northwest Coast and California,Tillamook,NR21,Hunter-gatherers,"1933-1934; 1956-1958, 1970",NA,NA,girls of 12,middle childhood,NA,NA,adulthood,Single,Vertical,mother,Kin-based,NA,NA,NA,basket making,basket making,Plant fiber,NA,"Sauter and Johnson, 1974: 32-34; Skoggard, 2022: 4; Jacob, 2003: 132"
Northwest Coast and California,Tillamook,NR21,Hunter-gatherers,"1933-1934; 1956-1958, 1970",NA,NA,little boys; second critical period/an early age,NA,NA,NA,NA,NA,NA,NA,NA,individual learning,Individual,NA,weapon making,diminutive bow and arrow,Bone,boys' training emphasize courage,"Jacob, 2003: 133; Sauter and Johnson, 1974: 32-34"
Northwest Coast and California,Tlingit,NA12,Hunter-gatherers,NA,NA,NA,girls,NA,NA,NA,NA,NA,NA,NA,NA,taught,Interactive,NA,clothes making,"to sew, to bead and embroider blankets and moccasins, and to piece squirrel-skins into large handsome cloaks",NA,NA,"Knapp and Dorr, 1896: 72-73"
Northwest Coast and California,Yokuts,NS29,Hunter-gatherers,1925-1930,NA,NA,boys of 10 or 11,middle childhood,NA,NA,adulthood,Single,Vertical,father,Kin-based,showing,Observational,NA,weapon making,bow and arrow making,NA,gendered skill,"Gayton, 1948: 194"
Northwest Coast and California,Yokuts,NS29,Hunter-gatherers,1925-1930,NA,NA,girls of 10,middle childhood,NA,NA,adulthood,Single,Vertical,mother,Kin-based,NA,NA,NA,basket making,basket making,Plant fiber,gendered skill,"Gayton, 1948: 194"
Northwest Coast and California,Yuki,NS30,Hunter-gatherers,1937,NA,NA,girls of puberty,middle childhood,NA,NA,NA,NA,NA,NA,NA,imitation,Observational,NA,basket making,basket making,Plant fiber,a well-crafted basket is given to girls as a model to learn,"Foster, 1944: 231"
Northwest Coast and California,Yuki,NS30,Hunter-gatherers,1937,NA,NA,boys from 8-16,middle childhood,NA,NA,NA,NA,Oblique,Elder,Prestige-based,instruction,Interactive,NA,ornament making,making of feather capes and headdresses,NA,NA,"Foster, 1944: 210-211"
Plains and Plateau,Assiniboine,NF04,Hunter-gatherers,1850s,NA,NA,infancy,infancy and early childhood,Single,NA,adulthood,Single,Vertical,mother,Kin-based,"demonstration, taught",Interactive,NA,clothes making,making small moccasins,NA,NA,"Denig and Hewitt, 1930: 520; Miller, 2002: 7"
Plains and Plateau,Blackfoot,NF06,Hunter-gatherers,1941-1944,NA,NA,Girls or young women,NA,NA,Older women,adulthood,Multiple,Vertical/Oblique,"Older women, mother, grandmothers",Kin-based,"teaching, imitation, play, instructions",Interactive,NA,clothes making,clothes making,NA,Quillwork is perceived as a scacred craft by local people,"Ewers,1945: 29; Ewers, 1958: 102-103"
Plains and Plateau,Blackfoot,NF06,Hunter-gatherers,1941-1951,NA,NA,boy,NA,NA,Older men,adulthood,Multiple,Vertical/Oblique,"father, mother, grandfather and other older men",Mixed,watching,Observational,NA,miscellaneous,pipe making,Stone,The learner absorbed different knowledge from different models and make her innovations; The learner's father does not known how to make pipes,"Ewers, 1963: 46, 49"
Plains and Plateau,Blackfoot,NF06,Hunter-gatherers,1941-1951,NA,NA,boys,NA,NA,NA,adulthood,Single,Vertical,father,Kin-based,taught,Interactive,NA,weapon making,bow and arrow making,NA,miniature bow and arrow making. gendered skill,"Ewers, 1958: 102-103"
Plains and Plateau,Blackfoot,NF06,Hunter-gatherers,1941-1951,NA,NA,little girl; girls or young women,NA,NA,"grandmother, older woman",adulthood,Multiple,Vertical/Oblique,"mother, grandmother",Kin-based,"taught, imitation, play, instructions",Interactive,NA,ornament making,"beadwork, quillwork, geometric painting",NA,NA,"Hungry Wolf, 1980: 55-56; Ewers, 1958: 102-103; Ewers,1945: 29"
Plains and Plateau,Blackfoot,NF06,Hunter-gatherers,NA,NA,NA,little girl,NA,NA,grandmother,adulthood,Single,Vertical,grandmother,Kin-based,taught,Interactive,NA,general toolmaking,equipment,NA,NA,"Hungry Wolf, 1980: 55-56"
Plains and Plateau,Blackfoot,NF06,Hunter-gatherers,1896-1910,NA,NA,girls during childhood,NA,NA,NA,adulthood,Single,Vertical,mother,Kin-based,conscientiously training,Interactive,NA,raw material processing,leatherwork,Leather,NA,"McClintock, 1968: 235-236; Wissler, 1911: 30"
Plains and Plateau,Blackfoot,NF06,Hunter-gatherers,1896-1910,NA,NA,girls during childhood,NA,NA,NA,adulthood,Single,Vertical,mother,Kin-based,conscientiously training,Interactive,NA,vehicles making,the making of travois (a type of sledge),NA,NA,"McClintock, 1968: 235-236; Wissler, 1911: 30"
Plains and Plateau,Comanche,NO06,Hunter-gatherers,"1933, 1945",NA,NA,boy of 5-6,infancy and early childhood,NA,grandfather,adulthood,Single,Oblique,grandfather,Kin-based,teach,Interactive,NA,weapon making,bow and arrow making,NA,Their fathers are busy with wars and hunting,"Wallace and Hoebel, 1952: 126-127"
Plains and Plateau,Comanche,NO06,Hunter-gatherers,"1933, 1945",NA,NA,girls of 12,middle childhood,NA,NA,NA,NA,NA,NA,NA,NA,NA,NA,clothes making,moccasins making,NA,gendered skill,"Wallace and Hoebel, 1952: 125"
Plains and Plateau,Crow,NQ10,Hunter-gatherers,1833-1856,NA,NA,girls,NA,NA,NA,NA,NA,NA,NA,NA,taught,Interactive,NA,clothes making,"moccasins making, cloth making",NA,gendered skill,"Denig and Ewers, 1961: 187-188"
Plains and Plateau,Crow,NQ10,Hunter-gatherers,1833-1856,NA,NA,girls,NA,NA,NA,NA,NA,NA,NA,NA,taught,Interactive,NA,ornament making,beadwork,NA,gendered skill,"Denig and Ewers, 1961: 187-188"
Plains and Plateau,Gros Ventre,NQ13,Hunter-gatherers,1938-1948,NA,NA,girls,NA,NA,NA,adulthood,Multiple,Vertical/Oblique,"mother, grandmother",Kin-based,NA,NA,NA,raw material processing,hide making,Leather,gendered skill,"Flannery, 1953: 159-160"
Plains and Plateau,Gros Ventre,NQ13,Hunter-gatherers,1938-1948,NA,NA,girls,NA,NA,NA,adulthood,Multiple,Vertical/Oblique,"mother, grandmother",Kin-based,NA,NA,NA,bag making,parfleshes (skin container) making,Leather,gendered skill,"Flannery, 1953: 159-160"
Plains and Plateau,Gros Ventre,NQ13,Hunter-gatherers,1938-1948,NA,NA,girls,NA,NA,NA,adulthood,Multiple,Vertical/Oblique,"mother, grandmother",Kin-based,NA,NA,NA,clothes making,"moccasins making, cloth making",NA,gendered skill,"Flannery, 1953: 159-160"
Plains and Plateau,Klamath,NR10,Hunter-gatherers,1947,NA,NA,girls in early childhood,infancy and early childhood,NA,NA,adulthood,Multiple,Vertical/Oblique,"mother, grandmother",Kin-based,help and work together,Interactive,NA,mat making,mat weaving,Plant fiber,Gendered skill,"Pearsall, 1950: 349-350"
Plains and Plateau,Klamath,NR10,Hunter-gatherers,1947,NA,NA,girls in late childhood,middle childhood,NA,NA,adulthood,Multiple,Vertical/Oblique,"mother, grandmother",Kin-based,help and work together,Interactive,NA,basket making,basket making,Plant fiber,Gendered skill,"Pearsall, 1950: 349-350"
Plains and Plateau,Klamath,NR10,Hunter-gatherers,1947,NA,NA,girls before or after marriage,adolescence,NA,NA,adulthood,Multiple,Vertical/Oblique,"mother, grandmother",Kin-based,help and work together,Interactive,NA,clothes making,clothes making,Leather,Gendered skill. Hides are much more valuable compared with fiber,"Pearsall, 1950: 349-350"
Plains and Plateau,Klamath,NR10,Hunter-gatherers,1947,NA,NA,boys,NA,NA,NA,NA,NA,NA,NA,NA,NA,NA,NA,weapon making,willow dart making,Plant fiber,Gendered skill,"Pearsall, 1950: 347a"
Plains and Plateau,Kutenai,NF08,Hunter-gatherers,1939-1940,NA,NA,boys of 10,middle childhood,NA,NA,adulthood,Multiple,Vertical/Oblique,"father, uncles",Kin-based,NA,NA,NA,weapon making,bow and arrow making,NA,gendered skill,"Turney-High, 1941: 117"
Plains and Plateau,Omaha,NQ21,Primarily hunter-gatherers,1871-1881,NA,NA,girls of 8,middle childhood,NA,NA,adulthood,Single,Vertical,mother,Kin-based,NA,NA,NA,bag making,pack making,NA,gendered skill,"Dorsey, 1884: 265-266"
Plains and Plateau,Pawnee,NQ18,Other subsistence combinations,1903-1907,NA,NA,boys,NA,NA,NA,adulthood,Single,Oblique,grandfather,Kin-based,instruction,Interactive,NA,weapon making,bow and arrow making,NA,NA,"Dorsey, Murie, and Spoehr, 1940: 94"
Plains and Plateau,Pawnee,NQ18,Other subsistence combinations,1903-1907,NA,NA,girls,NA,NA,NA,adulthood,Single,Oblique,grandmother,Kin-based,taught,Interactive,NA,clothes making,to dress hide,NA,NA,"Dorsey, Murie, and Spoehr, 1940: 94"
Southwest and Basin,Eastern Apache,NT08,Hunter-gatherers,1931-1937,NA,NA,boys,NA,NA,NA,adulthood,Single,Oblique,maternal grandfather,Kin-based,observation and helping,Interactive,NA,weapon making,bow and arrow making,NA,gendered skill,"Opler, 1941: 64"
Southwest and Basin,Eastern Apache,NT08,Hunter-gatherers,1931-1937,NA,NA,boys,NA,NA,NA,adulthood,Single,Oblique,maternal grandfather,Kin-based,observation and helping,Interactive,NA,rope making,rope making,Plant fiber,gendered skill,"Opler, 1941: 64"
Southwest and Basin,Eastern Apache,NT08,Hunter-gatherers,1931-1937,NA,NA,girls old enough to understand,NA,NA,NA,adulthood,Single,Vertical/Oblique,"maternal grandmother, mother",Kin-based,observation and instruction,Interactive,NA,clothes making,sewing (moccassins and cloth),NA,gendered skill,"Opler, 1941: 28, 64, 76; Stockel, 1991: 18, 75-78"
Southwest and Basin,Eastern Apache,NT08,Hunter-gatherers,1931-1937,NA,NA,girls old enough to understand,NA,NA,NA,adulthood,Single,Vertical/Oblique,"maternal grandmother, mother",Kin-based,observation and instruction,Interactive,NA,basket making,basket making,Plant fiber,gendered skill,"Opler, 1941: 28, 64, 76; Stockel, 1991: 18"
Southwest and Basin,Eastern Apache,NT08,Hunter-gatherers,1982-1989,NA,NA,young girls ,NA,NA,NA,adulthood,Single,Oblique,aunt,Kin-based,watching,Observational,NA,ornament making,beadwork,NA,NA,"Stockel, 1991: 114"
Southwest and Basin,Eastern Apache,NT08,Hunter-gatherers,1982-1989,NA,NA,young girls ,NA,NA,NA,adulthood,Single,Vertical,mother,Kin-based,NA,NA,NA,miscellaneous,cradleboard making,Wood,NA,"Stockel, 1991: 75-76"
Southwest and Basin,Eastern Apache,NT08,Hunter-gatherers,1982-1989,NA,NA,young girls ,NA,NA,NA,adulthood,Single,Vertical,mother,Kin-based,NA,NA,NA,toy making,doll making,NA,NA,"Stockel, 1991: 75-76"
Southwest and Basin,Havasupai,NT14,Other subsistence combinations,1918-1920,NA,NA,Girls 7-9,middle childhood,NA,NA,NA,NA,NA,NA,NA,taught,Interactive,NA,basket making,basket making,Plant fiber,NA,"Spier, 1928: 324"
Southwest and Basin,Havasupai,NT14,Other subsistence combinations,1918-1920,NA,NA,boys,NA,NA,Old men,adulthood,Multiple,Oblique,old men,NA,showing,Observational,NA,clothes making,making garments and women's dress,NA,NA,"Spier, 1928: 322-323"
Southwest and Basin,Havasupai,NT14,Other subsistence combinations,1918-1920,NA,NA,boys,NA,NA,NA,adulthood,Single,Vertical,father,Kin-based,taught,Interactive,NA,weapon making,bow and arrow making,NA,NA,"Spier, 1928: 322-323"
Southwest and Basin,Hopi,NT09,Intensive agriculturalist,1937-1938,NA,NA,Girls,NA,NA,NA,NA,Single,Vertical,mother,Kin-based,"play, taught",Interactive,NA,pottery making,pottery making,Clay,Learning from peer potters and extended-kins also happen.,"Dennis, 1940: 50; Titiev, 1944: 20-21; Wyckoff, 1988: 286-287"
Southwest and Basin,Hopi,NT09,Intensive agriculturalist,1932-1940; 1937-1938,NA,NA,"girls, boys of 15",adolescence,NA,NA,adulthood,Single,Vertical,"father, mother",Kin-based,taught,Interactive,NA,weaving,weaving,Plant fiber,"Boys usually already mastered weaving at this age, but when the learning begins was not mentioned. Also they have two initiations","Titiev, 1944: 20-21; Dennis, 1940: 85"
Southwest and Basin,Hopi,NT09,Intensive agriculturalist,1932-1940; 1937-1938,NA,NA,boys of 6 or 7,infancy and early childhood,NA,NA,adulthood,Single,Vertical,father,Kin-based,taught,Interactive,NA,clothes making,moccasins making and leather tanning,NA,The learning happened in winter times. And other paternal relatives with particular skills may also taught other crafts,"Beaglehole and Beaglehole, 1937: 20; Bradfield, 1973: 25"
Southwest and Basin,Hopi,NT09,Intensive agriculturalist,1893-1902,NA,NA,novice girls,NA,NA,NA,adulthood,Single,Vertical,mother,Kin-based,instruction,Interactive,NA,basket making,basket making,Plant fiber,NA,"Voth, 1903: 36; Titiev, 1944: 20-21"
Southwest and Basin,Hopi,NT09,Intensive agriculturalist,1932-1940,NA,NA,girls of 15,adolescence,NA,NA,adulthood,Single,Vertical,mother,Kin-based,taught,Interactive,NA,ornament making,plaque making,NA,NA,"Titiev, 1944: 20-21; Dennis, 1940: 85"
Southwest and Basin,Hopi,NT09,Intensive agriculturalist,1890-1940,NA,NA,little boys,NA,NA,NA,NA,NA,NA,NA,NA,individual learning,Individual,NA,trap making,trap making,Leather,NA,"Talayesva and Simmons, 1942: 54-55"
Southwest and Basin,Maricopa,NT43,Primarily hunter-gatherers,1929-1932,NA,NA,girl of 5,infancy and early childhood,NA,NA,adulthood,Single,Vertical,Mother,Kin-based,imitation,Observational,NA,pottery making,pottery making,Clay,NA,"Spier, 1933: 104; 323"
Southwest and Basin,Mescalero Apache,NT25,Hunter-gatherers,1958-1965; 1931-1936,NA,NA,boys of 12,middle childhood,NA,NA,adulthood,Single,Oblique,chief,Prestige-based,"taught, showing",Interactive,NA,weapon making,"hunting and wearing gear, bow and arrow, shield",NA,NA,"Boyer and Boyer, 1972: 60; Opler, 1969: 61-62"
Southwest and Basin,Mescalero Apache,NT25,Hunter-gatherers,1958-1965,NA,NA,boys of 12,middle childhood,NA,NA,NA,NA,NA,NA,NA,taught,Interactive,NA,ritual item making,ceremonial paraphernalia making,NA,NA,"Boyer and Boyer, 1972: 60"
Southwest and Basin,Mescalero Apache,NT25,Hunter-gatherers,1931-1936,NA,NA,boys,NA,NA,NA,adulthood,Single,Oblique,chief,Prestige-based,showing,Observational,NA,horse harnesses making,saddle making,NA,NA,"Opler, 1969: 61-62"
Southwest and Basin,Mescalero Apache,NT25,Hunter-gatherers,1931-1936,NA,NA,boys,NA,NA,NA,adulthood,Single,Oblique,chief,Prestige-based,showing,Observational,NA,rope making,rope making,Plant fiber,NA,"Opler, 1969: 61-62"
Southwest and Basin,Mescalero Apache,NT25,Hunter-gatherers,1931-1936,NA,NA,boys,NA,NA,NA,adulthood,Single,Oblique,chief,Prestige-based,showing,Observational,NA,horse harnesses making,quirts (whip) making,NA,NA,"Opler, 1969: 61-62"
Southwest and Basin,Mescalero Apache,NT25,Hunter-gatherers,1931-1936,NA,NA,boys,NA,NA,NA,adulthood,Single,Oblique,chief,Prestige-based,showing,Observational,NA,clothes making,head bonnet,NA,NA,"Opler, 1969: 61-62"
Southwest and Basin,Navajo,NT13,Agro-pastoralists,1938,workshop,indoor,boy of 14,adolescence,NA,NA,adulthood,Single,Vertical/Oblique,"father, other relatives",Kin-based,Apprenticeship/observation,Interactive,2 years or longer,metal working,silversmith,Metal,"In rare cases, it is possible to learn it from non-relative (2 out of 52). Women work as assistants in by grinding and polishing the turquoise, setting the stones. Other sources mentioned adults around 20 years old start formal learning. They do not like strangers watching when they work.","Adair, 1944: 87-91"
Southwest and Basin,Navajo,NT13,Agro-pastoralists,1963-1998,NA,NA,Boys,NA,NA,NA,NA,NA,NA,NA,NA,teaching,Interactive,NA,clothes making,moccasin making,NA,NA,"Bailey, 1942: 232"
Southwest and Basin,Navajo,NT13,Agro-pastoralists,1963-1998,NA,NA,Girls before 10,middle childhood,NA,NA,adulthood,NA,Vertical/Oblique,"mother, aunt, grandmother, older sisters, grandfather",Kin-based,"teaching and imitation, scaffolding",Interactive,NA,weaving,weaving,NA,"Respecting loom is part of the skill; every women know how to weave, but only a few of them know how to make fine rugs. Protracted learning. Children started to learn after they were old enough to herd the sheep and had learned to help wash the wool; children can learn from grandparent of different sex; model will make small version of loom to help learners learn weaving","Mitchell, 2001: 117, 170, 204; Bailey, 1942: 232; Shepardson and Hammond, 1970: 105-106; Mitchell, 1978: 157-158; Downs, 1972: 117"
Southwest and Basin,Navajo,NT13,Agro-pastoralists,1937-1938,NA,NA,Girls (5-6),infancy and early childhood,NA,NA,adulthood,Single,Vertical/Oblique,"grandmother, mother",Kin-based,"helping, imitation, correction",Interactive,NA,pottery making,pottery making,Clay,Learning from grandmother instead of mother is more common; between 11-15 girls started the more formal learning process?,"Tschopik, 1941: 46-47"
Southwest and Basin,Navajo,NT13,Agro-pastoralists,1937-1938,NA,NA,Girls (5-6),infancy and early childhood,NA,NA,adulthood,Single,Vertical/Oblique,"grandmother, mother",Kin-based,"helping, imitation, correction",Interactive,NA,basket making,basket making,Plant fiber,Learning from grandmother instead of mother is more common; between 11-15 girls started the more formal learning process?,"Tschopik, 1941: 46-47"
Southwest and Basin,Navajo,NT13,Agro-pastoralists,1957-1975,hogan,indoor,NA,NA,Multiple,NA,adulthood,Multiple,Oblique,grandparents,Kin-based,watching,Observational,NA,pottery making,pottery making,Clay,"""man who shouts"" is the grandfather here. Learners are involved in every steps","Mitchell, 1978: 157-158; Hartman, Musial and Trimble, 1987: 11; Mitchell, 2001: 118"
Southwest and Basin,Navajo,NT13,Agro-pastoralists,1978-1979,NA,NA,NA,NA,NA,NA,adulthood,NA,NA,relatives,Kin-based,"combination of watching, epxierment, teaching",Interactive,NA,ornament making,sandpainting,NA,"Their children usually learned to make sandpaintings by watching, while clan relatives or visitors were often shown the process more formally. Those people who began because of social obligations to the instructor tended to be taught more formally.","Parezo, 1982a: 78-79; Parezo, 1982b: 133"
Southwest and Basin,Navajo,NT13,Agro-pastoralists,1933-1958,NA,NA,boys of 13,adolescence,NA,NA,adulthood,Single,Vertical,father,Kin-based,NA,Interactive,NA,weapon making,arrow making,NA,NA,"Kluckhohn, Hill, and Kluckhohn, 1971: 36"
Southwest and Basin,O'odham ,NU79,Other subsistence combinations,1931-1935,NA,NA,girls,NA,NA,NA,NA,NA,NA,NA,NA,NA,NA,NA,basket making,basket making,Plant fiber,NA,"Underhill, 1939: 46"
Southwest and Basin,Tewa Pueblos,NT18,Intensive agriculturalist,1970-1972,house,indoor,Girls <10,middle childhood,NA,NA,adulthood,Single,Vertical/Oblique,"mother, grandmother, aunt",Kin-based,"teaching, experimenting, asking for help",Interactive,NA,pottery making,pottery making,Clay,The teaching is indirect and loose in style. Girls reaching 10 will be pressured to learn to make potteries,"Jacobs, 1995: 73; Whitman and Whitman, 1947: 46-48"
Southwest and Basin,Tewa Pueblos,NT18,Intensive agriculturalist,1936-1939,NA,NA,boys <10,middle childhood,NA,NA,adulthood,Single,Vertical,father,Kin-based,showing ,Observational,NA,clothes making,moccasins making,NA,boys also learn how decorate the pottery,"Whitman and Whitman, 1947: 46-48"
Southwest and Basin,Ute,NT19,Hunter-gatherers,1936-1937,NA,NA,girls of 8-9,middle childhood,NA,older siblings ,adulthood,Multiple,All,"older siblings, parents, parent's siblings, grandparents",Kin-based,imitation and formal instruction,Interactive,NA,raw material processing,hide making,NA,NA,"Opler, 1963: 131-132"
Southwest and Basin,Ute,NT19,Hunter-gatherers,1936-1937,NA,NA,girls of 8-9,middle childhood,NA,older siblings ,adulthood,Multiple,All,"older siblings, parents, parent's siblings, grandparents",Kin-based,imitation and formal instruction,Interactive,NA,clothes making,clothes making,NA,NA,"Opler, 1963: 131-132"
Southwest and Basin,Ute,NT19,Hunter-gatherers,1936-1937,NA,NA,girls of 8-9,middle childhood,NA,older siblings ,adulthood,Multiple,All,"older siblings, parents, parent's siblings, grandparents",Kin-based,imitation and formal instruction,Interactive,NA,basket making,basket making,NA,NA,"Opler, 1963: 131-132"
Southwest and Basin,Ute,NT19,Hunter-gatherers,1936-1937,NA,NA,boys,NA,NA,NA,NA,NA,NA,NA,NA,instruction,Interactive,NA,rope making,rope making,Plant fiber,NA,"Opler, 1963: 131-132"
Southwest and Basin,Western Apache,NT21,Primarily hunter-gatherers,NA,NA,NA,Girls,NA,NA,NA,NA,Multiple,Horizontal,playmates,Familiarity-based,play,Interactive,NA,weaving,weaving,Plant fiber,NA,"Basso, 1983: 474"
Southwest and Basin,Western Apache,NT21,Primarily hunter-gatherers,NA,NA,NA,girls of 5 or 6,infancy and early childhood,NA,NA,adulthood,Multiple,Vertical/Oblique,"mother, grandmother",Kin-based,taught,Interactive,NA,basket making,basket making,Plant fiber,NA,"Robert, 1929: 133, 142; Goodwin and Goodwin, 1942: 470-471"
Southwest and Basin,Western Apache,NT21,Primarily hunter-gatherers,1929-1969,NA,NA,boys of 9-11,middle childhood,NA,Oldest men,adulthood,Single,Oblique,old male relative,Mixed,NA,NA,NA,weapon making,bow and arrow making,NA,NA,"Goodwin and Basso, 1971: 226; Goodwin and Goodwin, 1942: 470-471"
Southwest and Basin,Western Apache,NT21,Primarily hunter-gatherers,"1939, 1941, 1946-1948",NA,NA,boys,NA,NA,Old man,adulthood,Single,Oblique,NA,NA,NA,NA,NA,trap making,trap making,NA,NA,"Buskirk, 1986: 119"
Southwest and Basin,Western Apache,NT21,Primarily hunter-gatherers,1929-1940,NA,NA,"girls during or 1 year before puberty, boys of 15, girls of 15",middle childhood,NA,NA,adulthood,Single,Vertical,mother,Kin-based,scaffolding and teaching,Interactive,NA,clothes making,"moccasins making, cloth making",NA,The pattern was marked on the buckskin and the girl told to cut along the lines so that she would make no mistake,"Goodwin and Goodwin, 1942: 470-471"
Southwest and Basin,Western Apache,NT21,Primarily hunter-gatherers,1929-1940,NA,NA,girls after first mensturation,middle childhood,NA,NA,adulthood,Single,Vertical,mother,Kin-based,"taught, imitation, practice",Interactive,NA,raw material processing,leatherwork,Leather,NA,"Goodwin and Goodwin, 1942: 470-471"
Southwest and Basin,Zuni,NT23,Intensive agriculturalist,1979,NA,NA,NA,NA,NA,NA,NA,NA,NA,family member,Kin-based,NA,NA,NA,pottery making,pottery making,Clay,Nowadays community school also teach pottery making,"Hardin, 1989: 154"
Australia,Aranda,OI08,Hunter-gatherers,NA,NA,NA,Boys early in life,NA,NA,NA,NA,NA,NA,NA,NA,schooled,Interactive,NA,woodworking,carpentry,Wood,NA,"Basedow, 1925: 85-86"
Australia,Aranda,OI08,Hunter-gatherers,NA,NA,NA,Boys early in life,NA,NA,NA,NA,NA,NA,NA,NA,schooled,Interactive,NA,weapon making,weapon making,Wood,NA,"Basedow, 1925: 85-86"
Australia,Tiwi,OI20,Hunter-gatherers,1928-1954,NA,NA,Young boys,NA,NA,Older boys,NA,Multiple,Horizontal,NA,NA,spending time together,Interactive,NA,weapon making,spear and throwing stick making,Wood,The learning process is reciprocal,"Hart, 1960: 49"
Australia,Tiwi,OI20,Hunter-gatherers,1928-1954,NA,NA,female children,NA,NA,Ederly women,adulthood,NA,Vertical/Oblique,family members in her own and her husband's household,Kin-based,NA,NA,NA,basket making,basket making,Plant fiber,Women laern from elderly women from her husband's household after marriage. Men are responsible for painting,"Hart, 1960: 49"
Melanesia,Kapauku,OJ29,Intensive agriculturalist,1954-1955,NA,NA,boy of 7,middle childhood,NA,NA,adulthood,NA,Vertical,father,Kin-based,teaching,Interactive,NA,weapon making,bow and arrow making,NA,"Before this age, they were raised in a mixed-gendered context","Pospisil, 1958: 40-41"
Melanesia,Kapauku,OJ29,Intensive agriculturalist,1954-1955,NA,NA,boy of 7,middle childhood,NA,NA,adulthood,NA,Vertical,father,Kin-based,teaching,Interactive,NA,rope making,rolling string on the thigh,NA,"Before this age, they were raised in a mixed-gendered context","Pospisil, 1958: 40-41"
Melanesia,Kapauku,OJ29,Intensive agriculturalist,1954-1955,NA,NA,"boy of 7, little girl",middle childhood,NA,Older boys,adulthood,NA,Vertical/Horizontal,"father, mother, playmates",Mixed,teaching,Interactive,NA,net making,net making,Plant fiber,"Before this age, they were raised in a mixed-gendered context","Pospisil, 1958: 40-43"
Melanesia,Kapauku,OJ29,Intensive agriculturalist,1954-1955,NA,NA,boy of 7,middle childhood,NA,NA,adulthood,NA,Vertical,father,Kin-based,teaching,Interactive,NA,ritual item making,roasting gourds for penis sheaths,NA,"Before this age, they were raised in a mixed-gendered context","Pospisil, 1958: 40-41"
Melanesia,Kapauku,OJ29,Intensive agriculturalist,1954-1955,NA,NA,boy of 7,middle childhood,NA,NA,adulthood,NA,Vertical,father,Kin-based,teaching,Interactive,NA,stoneworking,groundstone toolmaking(polishing stone axes and stone knives),NA,"Before this age, they were raised in a mixed-gendered context","Pospisil, 1958: 40-41"
Melanesia,Kapauku,OJ29,Intensive agriculturalist,1954-1955,NA,NA,boy of 7,middle childhood,NA,NA,adulthood,NA,Vertical,father,Kin-based,teaching,Interactive,NA,stoneworking,flintknapping(chipping flint by percussion),Stone,"Before this age, they were raised in a mixed-gendered context","Pospisil, 1958: 40-41"
Melanesia,Kapauku,OJ29,Intensive agriculturalist,1954-1955,NA,NA,boys of 15,adolescence,NA,NA,adulthood,NA,Vertical/Horizontal,father,Kin-based,teaching,Interactive,NA,boat making,canoe making,Wood,The hunting skill is learnt through a combination of teaching and group practice with adolescence ganster,"Pospisil, 1958: 40-41"
Melanesia,Kwoma,OJ13,Other subsistence combinations,1936-1937,NA,NA,children-boy,NA,NA,NA,adulthood,NA,Vertical,Parents,Kin-based,imitation and help,Interactive,NA,general toolmaking,various utensils,NA,Boys help by fetching raw materials,"Whiting, 1941: 47-48"
Melanesia,Kwoma,OJ13,Other subsistence combinations,1936-1937,NA,NA,Girl before adolescence,middle childhood,NA,NA,adulthood,NA,Vertical,Parents,Kin-based,imitation,Observational,NA,bag making,bag netting,NA,NA,"Whiting, 1941: 47-48"
Melanesia,Maleluka,OO12,Horticulturalists,1925-1927,the house of seclusion,outdoor,boys during initation,NA,NA,NA,adulthood,NA,Oblique,guardings during initations,NA,teach,Observational,NA,musical instrument making,panpipes making,NA,Fathers are also forbidden to make contacts with their son during the initaiton,"Deacon and Wedgwood, 1934: 250-253"
Melanesia,Manus,OM06,Hunter-gatherers,"1928-1929, 1953",NA,NA,children,NA,NA,NA,adulthood,NA,Vertical/Oblique,NA,NA,watching,Observational,NA,boat making,canoe building,Wood,The are not allowed to participate in these activities,"Mead, 1956: 115-116"
Melanesia,Manus,OM06,Hunter-gatherers,"1928-1929, 1953",NA,NA,children,NA,NA,NA,adulthood,NA,Vertical/Oblique,NA,NA,watching,Observational,NA,fishing devices making ,fishing devices making ,NA,The are not allowed to participate in these activities,"Mead, 1956: 115-116"
Melanesia,Manus,OM06,Hunter-gatherers,"1928-1929, 1953",NA,NA,betrothed girls,adolescence,NA,Older women,adulthood,NA,Vertical/Oblique,NA,NA,NA,NA,NA,rope making,string making,Plant fiber,gendered skill,"Mead, 1956: 115-116"
Melanesia,Manus,OM06,Hunter-gatherers,"1928-1929, 1953",NA,NA,betrothed girls,adolescence,NA,Older women,adulthood,NA,Vertical/Oblique,NA,NA,NA,NA,NA,ornament making,beadwork,NA,gendered skill,"Mead, 1956: 115-116"
Melanesia,Manus,OM06,Hunter-gatherers,"1928-1929, 1953",NA,NA,betrothed girls,adolescence,NA,Older women,adulthood,NA,Vertical/Oblique,NA,NA,NA,NA,NA,clothes making,grass-skirt-making ,NA,gendered skill,"Mead, 1956: 115-116"
Melanesia,Manus,OM06,Hunter-gatherers,"1928-1929, 1953",NA,NA,betrothed girls,adolescence,NA,Older women,adulthood,NA,Vertical/Oblique,NA,NA,NA,NA,NA,mat making,mat making,Plant fiber,gendered skill,"Mead, 1956: 115-116"
Melanesia,Manus,OM06,Hunter-gatherers,1928-1929,NA,NA,small boys,NA,NA,NA,adulthood,Single,Vertical,father,Kin-based,imitation,Observational,NA,woodworking,"whittling, bamboo torch making",Wood,NA,"Mead, 1930: 46-47; Mead, 1956: 132"
Melanesia,Manus,OM06,Hunter-gatherers,1928-1929,NA,NA,small boys,NA,NA,NA,adulthood,NA,Vertical/Oblique,NA,NA,playful imitation,Observational,NA,weapon making,wooden spear making,NA,NA,"Mead, 1930: 44-45; Mead, 1956: 131"
Melanesia,Manus,OM06,Hunter-gatherers,"1928-1929, 1953",NA,NA,small boys,NA,NA,NA,adulthood,NA,Vertical/Oblique,NA,NA,practice beside model,Observational,NA,basket making,basket making,Plant fiber,NA,"Mead, 1956: 366"
Melanesia,Siwai,ON19,Agro-pastoralists,1938-1939,NA,NA,child,NA,NA,NA,adulthood,NA,Vertical/Oblique,parents and other relatives,Kin-based,"imitation, instruction",Interactive,NA,weaving,weaving,Plant fiber,NA,"Oliver, 1955: 191-192"
Melanesia,Siwai,ON19,Agro-pastoralists,1938-1939,NA,NA,child,NA,NA,NA,adulthood,NA,Vertical/Oblique,parents and other relatives,Kin-based,"imitation, instruction",Interactive,NA,rope making,rope making,Plant fiber,NA,"Oliver, 1955: 191-192"
Melanesia,Tinputz,ON26,Other subsistence combinations,1929-1930,NA,NA,boys,NA,NA,NA,adulthood,Multiple,Vertical/Oblique,Older men,NA,taught,Interactive,NA,boat making,canoe making,Wood,NA,"Blackwood, 1935: 246"
Melanesia,Trobriands,OL06,Other subsistence combinations,"1973-1974, 1976, 1931-1935",The veranda of the carver's hut,indoor,"boys of 11 or 12, child after initation",middle childhood,Multiple,NA,adulthood,Single,Vertical/Oblique,"father, uncle, unrelated individual",Mixed,apprenticeship,Interactive,15-20 years,woodworking,carving and engraving,Wood,Master plays favorisim; Only if the father or uncle themselves are not engraver they will pay a professional engraver to teach the learner,"Scoditti, 1989: 46-48; Austen, 1945: 194-195"
Melanesia,Trobriands,OL06,Other subsistence combinations,NA,NA,NA,girls of 7,middle childhood,NA,NA,NA,NA,NA,NA,NA,experimenting,Individual,NA,clothes making,clothes making,Plant fiber,gendered skill,"Weiner, 1976: 95; Silas, 1926: 154-155"
Melanesia,Trobriands,OL06,Other subsistence combinations,Ca. 1920,NA,NA,boys,NA,NA,NA,NA,NA,NA,NA,NA,"instruction, indivividual learning",Interactive,NA,boat making,canoe making,Wood,gendered skill. Children make faithful small toy replicas of canoes ,"Silas, 1926: 154-155; Austen, 1945: 194-195"
Melanesia,Trobriands,OL06,Other subsistence combinations,Ca. 1920,NA,NA,boys at an early age,NA,NA,Elders,adulthood,NA,Vertical/Oblique,Elders,Success-based,instruction,Interactive,NA,net making,net making,Plant fiber,genered skill. The learning starts with the small verison,"Silas, 1926: 192"
Melanesia,Wogeo,OJ27,Other subsistence combinations,1934,NA,NA,girls before 8,middle childhood,Multiple,NA,adulthood,Single,Vertical,mother,Kin-based,showing,Observational,NA,clothes making,clothes making,NA,"This is a journal articled titled ""A New Guinea childhood: from weaning till the eighth year in Wogeo""","Hogbin, 1946: 288"
Melanesia,Wogeo,OJ27,Other subsistence combinations,1934,NA,NA,boys before 8,middle childhood,Single,NA,adulthood,Single,Vertical,father,Kin-based,co-working,Interactive,NA,boat making,canoe making,Wood,The model is aware of the fact that the learner impede his progress but he is still willing to teach,"Hogbin, 1946: 282"
Micronesia,Belau,OR15,Other subsistence combinations,1947-1948,NA,NA,boys,NA,NA,NA,adulthood,Multiple,Oblique,man other than father,Success-based,observation,Observational,NA,net making,net making,Plant fiber,The learners specifically not to learn from their fathers,"Barnett, 1963: 9"
Micronesia,Belau,OR15,Other subsistence combinations,1947-1948,NA,NA,boys,NA,NA,NA,adulthood,Multiple,Oblique,man other than father,Success-based,observation,Observational,NA,woodworking,bowl carving,Wood,The learners specifically not to learn from their fathers,"Barnett, 1963: 9"
Micronesia,Chuuk,OR19,Other subsistence combinations,1947-1948,NA,NA,NA,NA,NA,NA,adulthood,NA,Vertical/Oblique,male lineage memembers,Kin-based,considerable practice,Individual,NA,weapon making,"weapon manufacture including the club, spear, sling, knuckle-duster",NA,Individual practice is very important,"Goodenough, 1951: 53-54"
Micronesia,Chuuk,OR19,Other subsistence combinations,1947-1951,NA,NA,13,adolescence,NA,NA,adulthood,Multiple,Vertical,parents,Kin-based,individual learning and co-working,Interactive,NA,mat making,woven waist mat making,Plant fiber,The parents laugh at the learner and finish the work by themselves,"Gladwin and Sarason, 1953: 414-415"
Micronesia,Chuuk,OR19,Other subsistence combinations,1947-1951,NA,NA,>13,adolescence,Single,NA,adulthood,Single,Oblique,grandmother in father's side,Kin-based,quick demonstration,Observational,NA,basket making,basket making,Plant fiber,The model quickly demonstrat the technique and refused to answer questions. The learner did not learn how to make basket.,"Gladwin and Sarason, 1953: 414-415"
Micronesia,Chuuk,OR19,Other subsistence combinations,1947-1951,NA,NA,girl in childhood,NA,NA,NA,adulthood,Single,Vertical,mother,Kin-based,working together,Interactive,4 month,fishing devices making ,fish net making,Plant fiber,The learner had health issue during her childhood,"Gladwin and Sarason, 1953: 398; Bollig, 1927: 96-97"
Micronesia,Chuuk,OR19,Other subsistence combinations,1947-1951,NA,NA,girl in childhood,NA,NA,NA,adulthood,Single,Vertical,mother,Kin-based,NA,NA,1 year,clothes making,clothes making,Plant fiber,The learner had health issue during her childhood,"Gladwin and Sarason, 1953: 398"
Micronesia,Chuuk,OR19,Other subsistence combinations,1947-1948,NA,NA,boy of 17,adulthood,Single,NA,adulthood,Single,Vertical,father,Kin-based,coworking,Interactive,NA,boat making,canoe making,Wood,The father encouraged son to learn,"Goodenough, 1951: 54-55; Fischer, 1950: 99-100"
Micronesia,Kiribati,OR06,Primarily hunter-gatherers,1963-1964,NA,NA,NA,NA,NA,NA,NA,NA,Vertical/Horizontal,parents or close friends,Mixed,NA,NA,NA,trap making,trap making,Plant fiber,NA,"Koch, 1986: 25-26"
Micronesia,Kiribati,OR06,Primarily hunter-gatherers,1963-1964,NA,NA,girls at an early age,NA,NA,NA,NA,NA,NA,NA,NA,NA,NA,NA,clothes making,clothes making,NA,NA,"Koch, 1986: 132"
Micronesia,Marshallese,OR11,Other subsistence combinations,1976-1983,NA,NA,girl,NA,NA,NA,adulthood,Single,Oblique,"grandparents, mother, other adults",Kin-based,teach,Interactive,NA,mat making,mat weaving,Plant fiber,NA,"Carucci, 1987: 2-3; Carucci, 2007: 143-144; Spoehr, 1949: 212"
Micronesia,Marshallese,OR11,Other subsistence combinations,1976-1983,NA,NA,girl,NA,NA,NA,adulthood,Single,Oblique,"grandparents, mother, other adults",Kin-based,teach,Interactive,NA,ornament making,shaping other prized female goods,NA,NA,"Carucci, 1987: 2-3; Carucci, 2007: 143-144; Spoehr, 1949: 212"
Micronesia,Marshallese,OR11,Other subsistence combinations,1976-1983,NA,NA,young boy,NA,Multiple,NA,adulthood,Single,Vertical/Oblique,"grandfather, father, uncle",Kin-based,apprenticeship,Interactive,NA,boat making,canoe making,Wood,"Within the past 25 years, however, canoe building has been replaced by the manufacture of plywood motor boats","Carucci, 1987: 2-3; Carucci, 2007: 143-144; Mason, 1947: 107; Spoehr, 1949: 212"
Micronesia,Marshallese,OR11,Other subsistence combinations,1976-1983,NA,NA,young boy,NA,NA,NA,NA,Single,NA,NA,NA,instruction,Interactive,NA,rope making,cordage making,Plant fiber,The technology is disappearing among men under 40.,"Carucci, 1987: 4"
Micronesia,Marshallese,OR11,Other subsistence combinations,1946,NA,NA,NA,NA,NA,NA,adulthood,Multiple,Vertical/Oblique,parents and other adults,Mixed,association and instruction,Interactive,NA,clothes making,clothes making,NA,"In addition to handicraft, they also received education under the influence of Japan and the US. ","Mason, 1947: 107"
Micronesia,Ulithi,OR20,Other subsistence combinations,1947-1949,NA,NA,boys,NA,NA,older people at work,NA,NA,NA,NA,NA,observation,Observational,NA,rope making,rope making,Plant fiber,No formal instruction in economic skills,"Lessa, 1950: 212"
Micronesia,Woleai Region,OR21,Other subsistence combinations,1947-1948,NA,NA,girls starting to menstruate,middle childhood,NA,NA,adulthood,Single,Vertical/Oblique,"mother, other older women",Mixed,observation; asking for help,Interactive,NA,clothes making,clothes making,NA,Initiation cermony learning,"Burrows and Spiro, 1953: 288-289; Spiro, 1949: 146[2]"
Micronesia,Woleai Region,OR21,Other subsistence combinations,1947-1948,NA,NA,younger man,NA,NA,NA,adulthood,Single,Vertical/Oblique,older men,Success-based,asking for help,Interactive,NA,fishing devices making ,fish trap making,NA,NA,"Spiro, 1949: 146[2]"
Polynesia,Bau Fijians,OQ12,Primarily hunter-gatherers,1941-1961,NA,NA,NA,NA,NA,NA,NA,NA,Oblique,Master,Success-based,NA,NA,NA,weapon making,club making,Wood,There is a rich social aspect of this technology that include trible need and fighting need,"Tippet, 1968: 50-53"
Polynesia,Hawaiians,OV05,Other subsistence combinations,NA,NA,NA,boys,NA,NA,NA,adulthood,Multiple,Vertical/Oblique,"parents, grandparents",Kin-based,taught,Interactive,NA,clothes making,the making of implements for tapa (cloth) work,NA,heriditery skill,"Kamakau et al., 1968: 67"
Polynesia,Maori,OZ04,Primarily hunter-gatherers,Ca. 1920,NA,NA,girls after initiation,NA,NA,NA,NA,NA,Vertical/Oblique,Female relatives,NA,teaching,Interactive,NA,weaving,weaving,Plant fiber,Many more traditional knowledge are taught in initation school for boys; Weaving has ritual importance,"Firth, 1959: 189-190; Buck, 1952: 361-362"
Polynesia,Maori,OZ04,Primarily hunter-gatherers,Ca. 1920,NA,NA,girls after initiation,NA,NA,NA,NA,NA,Vertical/Oblique,Female relatives,NA,teaching,Interactive,NA,basket making,basket making,Plant fiber,Many more traditional knowledge are taught in initation school for boys; Weaving has ritual importance,"Firth, 1959: 189-190; Buck, 1952: 361-362"
Polynesia,Maori,OZ04,Primarily hunter-gatherers,Ca. 1910-1945,NA,NA,boys after initation,NA,NA,NA,adulthood,Single,Oblique,Unrelated individuals,Success-based,apprenticeship,Interactive,NA,woodworking,carving,Wood,The arrangements were usually made by the elders but sometimes the keen desire of a boy was recognized by a craftsman,"Buck, 1952: 361-362"
Polynesia,Maori,OZ04,Primarily hunter-gatherers,Ca. 1920,NA,NA,youngster,NA,NA,NA,adulthood,NA,Vertical/Oblique,NA,NA,helping,Interactive,NA,stoneworking,groundstone toolmaking(greenstone sawing),Stone,"youngsters were often enlisted to feed sandgrit and water to the cut, while the men sawed with their flint blades","Firth, 1959: 212"
Polynesia,Maori,OZ04,Primarily hunter-gatherers,Ca.1870-1920,NA,NA,boys,NA,NA,NA,NA,NA,NA,NA,NA,NA,NA,NA,boat making,canoe making,Wood,NA,"Best, 1924: 24-25"
Polynesia,Maori,OZ04,Primarily hunter-gatherers,"1953-1959, 1981-1983",NA,NA,girls,NA,NA,NA,adulthood,Single,Oblique,grandparents,Kin-based,taught,Interactive,NA,fishing devices making ,hook making,NA,NA,"Metge, 1995: 184-185"
Polynesia,Maori,OZ04,Primarily hunter-gatherers,1936-1938,NA,NA,boys,NA,NA,NA,NA,NA,Horizontal/Oblique,sisters,Kin-based,taught,Interactive,NA,clothes making,knitting,NA,NA,"Hawthorn, 1944: 104"
Polynesia,Marquesas,OX06,Other subsistence combinations,1956-1958,NA,NA,boys,NA,NA,NA,NA,NA,NA,NA,NA,observation and helping,Interactive,NA,woodworking,woodworking,Wood,NA,"Suggs, 1963: 17-18"
Polynesia,Samoans,OU08,Horticulturalists,1925-1926,NA,NA,girls,NA,NA,Older women,adulthood,NA,Vertical/Oblique,older women in the household,Kin-based,train,Interactive,NA,weaving,weaving,Plant fiber,There is a step-wise approach of learning with increasing difficulty. They seldom finish a fine mat before 19 or 20,"Mead, 1928: 31-33"
Polynesia,Samoans,OU08,Horticulturalists,1925-1926,NA,NA,girls,NA,NA,Older women,adulthood,NA,Vertical/Oblique,older women in the household,Kin-based,train,Interactive,NA,clothes making,bark cloth making,Plant fiber,There is a step-wise approach of learning with increasing difficulty. They seldom finish a fine mat before 19 or 20,"Mead, 1928: 31-33"
Polynesia,Samoans,OU08,Horticulturalists,1926-1927,NA,NA,boys,NA,NA,older children,adulthood,Multiple,All,older men of the household and a few skilled boys,Mixed,taught,Interactive,NA,net making,net making,Plant fiber,women's skill are mostly trasmittted within household,"Mead, 1930: 39"
Polynesia,Samoans,OU08,Horticulturalists,1926-1927,NA,NA,boys,NA,NA,older children,adulthood,Multiple,All,older men of the household and a few skilled boys,Mixed,taught,Interactive,NA,trap making,trap making,NA,women's skill are mostly trasmittted within household,"Mead, 1930: 39"
Polynesia,Samoans,OU08,Horticulturalists,1926-1927,NA,NA,boys,NA,NA,older children,adulthood,Multiple,All,older men of the household and a few skilled boys,Mixed,taught,Interactive,NA,fishing devices making ,hook making,NA,women's skill are mostly trasmittted within household,"Mead, 1930: 39"
Polynesia,Samoans,OU08,Horticulturalists,1926-1927,NA,NA,boys,NA,NA,older children,adulthood,Multiple,All,older men of the household and a few skilled boys,Mixed,taught,Interactive,NA,miscellaneous,the carving of coconut shells and kava cups,Plant fiber,women's skill are mostly trasmittted within household,"Mead, 1930: 39"
Polynesia,Tikopia,OT11,Other subsistence combinations,1928-1929,NA,NA,boy before 12,middle childhood,NA,NA,NA,NA,NA,NA,NA,self-learning,Individual,NA,woodworking,woodworking,Wood,The learner's skill is much higher than his father and brother,"Firth, 1939: 114-115"
Polynesia,Tongans,OU09,Horticulturalists,1806-1910,NA,NA,girls,NA,NA,NA,NA,NA,NA,NA,NA,teaching,Interactive,NA,ornament making,suitable arts,NA,NA,"Mariner and Martin, 1818: 287-290"
Polynesia,Tongans,OU09,Horticulturalists,1806-1910,NA,NA,girls,NA,NA,NA,NA,NA,NA,NA,NA,teaching,Interactive,NA,general toolmaking,manufactures,NA,NA,"Mariner and Martin, 1818: 287-290"
Polynesia,Tongans,OU09,Horticulturalists,1938-1939,NA,NA,girls of 12-16,middle childhood,NA,NA,adulthood,Single,Vertical,mother,Kin-based,NA,NA,NA,mat making,mat making,Plant fiber,NA,"Beaglehole and Beaglehole, 1941: 47-48"
Polynesia,Tongans,OU09,Horticulturalists,1938-1939,NA,NA,girls at the time of marriage,adolescence,NA,NA,adulthood,Single,Vertical,mother,Kin-based,NA,NA,NA,clothes making,clothes making,NA,NA,"Beaglehole and Beaglehole, 1941: 47-48"
Polynesia,Tongans,OU09,Horticulturalists,1951-1952,NA,NA,girls of 10 or 12,middle childhood,NA,NA,NA,NA,NA,NA,NA,helping,Interactive,NA,weaving,plaitwork,Plant fiber,mandatory school attendance,"Koch and Schütze, 1955: 337-338"
Amazon and Orinoco,Amahuaca,SE06,Other subsistence combinations,1974-1977,NA,NA,boys before 10 (6-12),middle childhood,NA,NA,NA,NA,NA,NA,NA,NA,NA,NA,weapon making,bow and arrow making,NA,NA,"Woodside, 2014: 301, 304"
Amazon and Orinoco,Amahuaca,SE06,Other subsistence combinations,1960-1961,NA,NA,girls before marriage,NA,NA,NA,adulthood,Single,Vertical,mother,Kin-based,teach,Interactive,NA,pottery making,pottery making,Clay,NA,"Dole, 1974: 3-4"
Amazon and Orinoco,Amahuaca,SE06,Other subsistence combinations,1960-1961,NA,NA,girls before marriage,NA,NA,NA,adulthood,Single,Vertical,mother,Kin-based,teach,Interactive,NA,hammock making,hammock making,Plant fiber,NA,"Dole, 1974: 3-4"
Amazon and Orinoco,Jivaro,SD09,Horticulturalists,"1956-1957, 1964, 1969",NA,NA,girls of six or older,middle childhood,NA,NA,adulthood,Single,Vertical,mother,Kin-based,imitation and experimenting,Observational,NA,pottery making,pottery making,Clay,"A boy who may be tempted to work with clay is discouraged by his father, who advises him not to touch it or else the boy's penis will one day stay soft and limp like a coil of clay.",Harner 1973: 92-93
Amazon and Orinoco,Jivaro,SD09,Horticulturalists,"1956-1957, 1964, 1969",house,indoor,boys of 6,middle childhood,NA,NA,adulthood,Single,Vertical,father,Kin-based,individual learning and encouragement,Individual,NA,basket making,basket making,Plant fiber,Individual learning starts from making miniatures,Harner 1973: 92-93
Amazon and Orinoco,Ndyuka,SR14,Horticulturalists,1948-1958,NA,NA,boys of 12 or 13,middle childhood,NA,NA,NA,NA,Vertical/Oblique,"guardian, older comrade",Kin-based,"observation, co-working, apprenticeship",Interactive,several years,boat making,boat making,Wood,gendered skills.,"Hurault and Winchell, 1961: 192, 194"
Amazon and Orinoco,Pume,SS19,Other subsistence combinations,1933-1934,NA,NA,toddler,infancy and early childhood,NA,NA,adulthood,NA,Vertical,father,Kin-based,accompanying father,Observational,NA,weapon making,bow and arrow making,NA,hunting here mainly means crocodile hunting,"Petrullo, 1939: 202"
Amazon and Orinoco,Pume,SS19,Other subsistence combinations,1933-1934,NA,NA,girls in babyhood,infancy and early childhood,NA,NA,adulthood,Single,Vertical,mother,Kin-based,participation,Interactive,NA,basket making,basket making,Plant fiber,NA,"Petrullo, 1939: 231"
Amazon and Orinoco,Pume,SS19,Other subsistence combinations,1933-1934,NA,NA,girls in babyhood,infancy and early childhood,NA,NA,adulthood,Single,Vertical,mother,Kin-based,participation,Interactive,NA,pottery making,pottery making,Clay,NA,"Petrullo, 1939: 231"
Amazon and Orinoco,Saramaca,SR15,Other subsistence combinations,1928-1929,NA,NA,boys,NA,NA,NA,adulthood,Single,Oblique,maternal uncle,Kin-based,observation and co-working,Interactive,NA,woodworking,woodworking,Wood,gendered skill,"Herskovits et al., 1934: 215"
Amazon and Orinoco,Shipibo,SE26,Horticulturalists,Ca. 1930s-1974,NA,NA,boy,NA,NA,NA,adulthood,Multiple,Vertical/Oblique,"father, grandfather",Kin-based,instruction and helping,Interactive,NA,boat making,canoe making,Wood,gendered skills,"Eakin, Lauriault, and Boonstra, 1986: 51"
Amazon and Orinoco,Shipibo,SE26,Horticulturalists,Ca. 1930s-1974,NA,NA,boy,NA,NA,NA,adulthood,Multiple,Vertical/Oblique,"father, grandfather",Kin-based,instruction and helping,Interactive,NA,weapon making,bow and arrow making,NA,gendered skills,"Eakin, Lauriault, and Boonstra, 1986: 51"
Amazon and Orinoco,Shipibo,SE26,Horticulturalists,Ca. 1930s-1974,NA,NA,girl,NA,NA,NA,adulthood,Single,Vertical,mother,Kin-based,"informal observation and imitation, working alongside",Observational,NA,ornament making,beadwork,NA,gendered skills,"Eakin, Lauriault, and Boonstra, 1986: 51"
Amazon and Orinoco,Shipibo,SE26,Horticulturalists,Ca. 1930s-1974,NA,NA,girl,NA,NA,NA,adulthood,Single,Vertical,mother,Kin-based,"informal observation and imitation, working alongside",Observational,NA,pottery making,pottery making,Clay,gendered skills,"Eakin, Lauriault, and Boonstra, 1986: 51"
Amazon and Orinoco,Shipibo,SE26,Horticulturalists,1975-1978,NA,NA,girl,NA,NA,NA,adulthood,Single,Vertical,mother,Kin-based,"no verbal instruction, guided motor learning",Interactive,NA,ornament making,textile painting,Plant fiber,NA,"Roe, 1980: 52"
Amazon and Orinoco,Siriono,SF21,Hunter-gatherers,1940-1941,NA,NA,boys of 8-12,middle childhood,NA,NA,adulthood,Single,Vertical,father,Kin-based,NA,NA,NA,weapon making,bow and arrow making,NA,They also learned how to repair bow and arrows,"Holmberg, 1950: 79-80"
Amazon and Orinoco,Tukano,SQ19,Other subsistence combinations,1968-1970,NA,NA,boys during initation,adolescence,Multiple,Elders,adulthood,NA,Oblique,elders,Prestige-based,teach,Interactive,a few days,basket making,basket making,Plant fiber,The initation itself is restrcited to men. Basketery has no gender restriction,"Hugh-Jones, 1979a: 86-87; Hugh-Jones, 1979b: 144"
Amazon and Orinoco,Tukano,SQ19,Other subsistence combinations,1968-1970,NA,NA,boys during initation,adolescence,Multiple,Elders,adulthood,NA,Oblique,elders,Prestige-based,teach,Interactive,a few days,ornament making,ornament making,NA,The initation itself is restrcited to men. Basketery has no gender restriction,"Hugh-Jones, 1979a: 86-87; Hugh-Jones, 1979b: 144"
Amazon and Orinoco,Tukano,SQ19,Other subsistence combinations,"1968-1970, 1939-1940",NA,NA,boys during initation,adolescence,Multiple,"Elders, age mate",adulthood ,Multiple,All,elders and deft age mate,Mixed,"teach, observation and helping",Interactive,a few days,fishing devices making ,"fish trap weaving, splint weirs, fish net",NA,The initation itself is restrcited to men. Basketery has no gender restriction,"Hugh-Jones, 1979a: 86-87; Hugh-Jones, 1979b: 144; Goldman, 1963: 55-56"
Amazon and Orinoco,Tukano,SQ19,Other subsistence combinations,"1968-1970, 1939-1940",NA,NA,boys during initation,adolescence,Multiple,"Elders, age mate",adulthood ,Multiple,All,elders and deft age mate,Mixed,"teach, observation and helping",Interactive,a few days,weapon making,"war weapons, bow and arrow making",NA,The initation itself is restrcited to men. Basketery has no gender restriction,"Hugh-Jones, 1979a: 86-87; Hugh-Jones, 1979b: 144; Goldman, 1963: 55-56"
Amazon and Orinoco,Tukano,SQ19,Other subsistence combinations,1939-1940,NA,NA,boys,NA,NA,"Elders, age mate",adulthood ,Multiple,All,elders and deft age mate,Mixed,observation and helping,Interactive,NA,boat making,canoe making,Wood,NA,"Goldman, 1963: 55-56"
Amazon and Orinoco,Warao,SS18,Hunter-gatherers,1954-1969,within the confines of the village,outdoor,"3/pre-puberty boys, adolescence/13",infancy and early childhood,Multiple,NA,adulthood,Single,Vertical/Oblique,father,Mixed,observation only-correction and instruction,Interactive,several weeks+5 years + 6/7 years,boat making,canoe making,Wood,"two stages. protracted learning process, when they reach 25 or 28 they started to learning supernatural aspect of canoe making","Wilbert, 1976: 323, 350; Wilbert, 1977: 23"
Amazon and Orinoco,Warao,SS18,Hunter-gatherers,1954-1969,NA,NA,postpuberty girls,adolescence,NA,NA,adulthood,Single,Vertical,mother,Kin-based,teach,Interactive,NA,hammock making,hammock making,Plant fiber,They are not alllowed to learn canoe making,"Wilbert, 1976: 318-319; Heinen, 1988: 105; Heinan, 1973: 469"
Central Andes,Aymara,SF05,Horticulturalists,1961-1962,NA,NA,little boys,NA,NA,NA,NA,NA,NA,NA,NA,individual learning,Individual,NA,toy making,toy making,NA,NA,"Hickman, 1971: 51-52"
Central Andes,Aymara,SF05,Horticulturalists,1961-1969,NA,NA,"boys, girls",NA,NA,NA,adulthood,Single,Vertical,"father, mother",Kin-based,model helping,Interactive,NA,weaving,weaving,Plant fiber,"The weaving technology itself has no gender restriction, but the weaving of specific objects could be gender specific","Buechler and Buechler, 1971: 25"
Central Andes,Aymara,SF05,Horticulturalists,1961-1969,NA,NA,boys,NA,NA,NA,adulthood,Single,Vertical,father,Kin-based,model helping,Interactive,NA,net making,net making,Plant fiber,"The weaving technology itself has no gender restriction, but the weaving of specific objects could be gender specific","Buechler and Buechler, 1971: 25"
Central Andes,Otavalo Quichua,SD16,Horticulturalists,1940-1941,house,indoor,girls before 14,adolescence,NA,NA,NA,NA,NA,NA,Kin-based,practice,Individual,NA,pottery making,pottery making,Clay,pottery making is a hereditary craft in certain families,"Parsons, 1945: 25"
Central Andes,Otavalo Quichua,SD16,Horticulturalists,1940-1941,NA,NA,girls,NA,NA,NA,adulthood,Single,Vertical,mother,Kin-based,taught,Interactive,NA,weaving,coiling,Plant fiber,NA,"Parsons, 1945: 25"
Central Andes,Saraguro Quichua,SD17,Agro-pastoralists,1962-1972,NA,NA,children,NA,NA,NA,NA,NA,NA,NA,NA,NA,NA,NA,clothes making,clothes making,NA,NA,"Belote, 1983: 102-103"
Eastern South America,Bororo,SP08,Hunter-gatherers,1965-1967,NA,NA,boys before initation,NA,NA,NA,adulthood,Single,Vertical,father,Kin-based,taught,Interactive,NA,ornament making,ornament making,NA,NA,"Levak, 1974: 98-99"
Eastern South America,Bororo,SP08,Hunter-gatherers,1931,NA,NA,boys,NA,NA,NA,adulthood,NA,NA,NA,NA,taught,Interactive,NA,weapon making,bow and arrow making,NA,Not sure what is Biiju,"Petrullo, 1972: 173"
Eastern South America,Guarani,SM04,Other subsistence combinations,1946-1962,NA,NA,boys after voice change/8-10,middle childhood,NA,NA,NA,NA,Vertical,father-son,Kin-based,apprenticeship,Interactive,NA,miscellaneous,sieve making,Plant fiber,"During the pubery period, boys are not allowed to eat meat to avoid contanmination","Schaden and Lewinsóhn, 1962: 113-114; 96-97"
Eastern South America,Guarani,SM04,Other subsistence combinations,1946-1962,NA,NA,boys after voice change/8-10,middle childhood,NA,NA,NA,NA,Vertical,father-son,Kin-based,apprenticeship,Interactive,NA,basket making,the manufacture of adjó (carrying baskets),Plant fiber,"During the pubery period, boys are not allowed to eat meat to avoid contanmination","Schaden and Lewinsóhn, 1962: 113-114; 96-97"
Eastern South America,Guarani,SM04,Other subsistence combinations,1946-1962,NA,NA,boys after voice change/8-10,middle childhood,NA,NA,NA,NA,Vertical,father-son,Kin-based,apprenticeship,Interactive,NA,trap making,trap making,NA,"During the pubery period, boys are not allowed to eat meat to avoid contanmination","Schaden and Lewinsóhn, 1962: 113-114; 96-97"
Eastern South America,Guarani,SM04,Other subsistence combinations,1946-1962,NA,NA,boys after voice change/8-10,middle childhood,NA,NA,NA,NA,Vertical,father-son,Kin-based,apprenticeship,Interactive,NA,weaving,the technique of plaiting,Plant fiber,"During the pubery period, boys are not allowed to eat meat to avoid contanmination","Schaden and Lewinsóhn, 1962: 113-114; 96-97"
Eastern South America,Guarani,SM04,Other subsistence combinations,1946-1962,NA,NA,boys after voice change/8-10,middle childhood,NA,NA,NA,NA,Vertical,father-son,Kin-based,apprenticeship,Interactive,NA,general toolmaking,the manufacture of the most diverse artifacts,NA,"During the pubery period, boys are not allowed to eat meat to avoid contanmination","Schaden and Lewinsóhn, 1962: 113-114; 96-97"
Eastern South America,Guarani,SM04,Other subsistence combinations,1946-1962,NA,NA,adolescent girls,adolescence,NA,NA,adulthood,Multiple,Oblique,maternal or paternal grandmother,Kin-based,teach,Interactive,NA,clothes making,clothes making,NA,gendered skill,"Schaden and Lewinsóhn, 1962: 113-114"
Eastern South America,Guarani,SM04,Other subsistence combinations,1946-1962,NA,NA,adolescent girls,adolescence,NA,NA,adulthood,Multiple,Oblique,maternal or paternal grandmother,Kin-based,teach,Interactive,NA,hammock making,hammock making,Plant fiber,gendered skill,"Schaden and Lewinsóhn, 1962: 113-114"
Eastern South America,Guarani,SM04,Other subsistence combinations,1946-1962,NA,NA,adolescent girls,adolescence,NA,NA,adulthood,Multiple,Oblique,maternal or paternal grandmother,Kin-based,teach,Interactive,NA,ornament making,jewery making,NA,gendered skill,"Schaden and Lewinsóhn, 1962: 113-114"
Eastern South America,Guarani,SM04,Other subsistence combinations,1943,NA,NA,boys,NA,NA,NA,adulthood,Single,Vertical,father,Kin-based,teach,Interactive,NA,weapon making,bow making,NA,gendered skill,"Watson and Lillios, 1944: 13"
Eastern South America,Tapirape,SP22,Other subsistence combinations,"1939-1940, 1953, 1957, 1965",NA,NA,boy,NA,NA,NA,adulthood,NA,Vertical/Oblique,NA,NA,observation only,Observational,NA,weapon making,bow and straight arrow,NA,NA,"Wagley, 1977: 150"
Eastern South America,Tapirape,SP22,Other subsistence combinations,"1939-1940, 1953, 1957, 1965",NA,NA,boy,NA,NA,NA,adulthood,NA,Vertical/Oblique,NA,NA,observation only,Observational,NA,ritual item making,spirit mask making,NA,NA,"Wagley, 1977: 150"
Eastern South America,Tapirape,SP22,Other subsistence combinations,"1939-1953; 1939-1940, 1953, 1957, 1965",NA,NA,"men, boy",NA,NA,NA,adulthood,NA,Vertical/Oblique,NA,NA,observation only,Observational,NA,basket making,basket weaving,Plant fiber,NA,"Wagley, 1955: 104-105; Wagley, 1977: 150"
Eastern South America,Tupinamba,SO09,Primarily hunter-gatherers,NA,NA,NA,girls,NA,NA,NA,adulthood,Single,Vertical,mother,Kin-based,taught,Interactive,NA,raw material processing,spinning cotton,Plant fiber,NA,"Beierle, 2003: 6"
Eastern South America,Tupinamba,SO09,Primarily hunter-gatherers,NA,NA,NA,girls,NA,NA,NA,adulthood,Single,Vertical,mother,Kin-based,taught,Interactive,NA,hammock making,hammock making,Plant fiber,NA,"Beierle, 2003: 6"
Eastern South America,Tupinamba,SO09,Primarily hunter-gatherers,NA,NA,NA,girls,NA,NA,NA,adulthood,Single,Vertical,mother,Kin-based,taught,Interactive,NA,basket making,basket making,Plant fiber,NA,"Beierle, 2003: 6"
Eastern South America,Tupinamba,SO09,Primarily hunter-gatherers,NA,NA,NA,girls,NA,NA,NA,adulthood,Single,Vertical,mother,Kin-based,taught,Interactive,NA,pottery making,pottery making,Clay,NA,"Beierle, 2003: 6"
Eastern South America,Xavante,SP26,Primarily hunter-gatherers,"1958, 1962, 1964",bachelor's house,indoor,boys of 7-12,middle childhood,Multiple,NA,adulthood,Multiple,Oblique,older men,Kin-based,taught,Interactive,NA,weapon making,weapon making,NA,collective learning environment,"Maybury-Lewis, 1967: 111"
Eastern South America,Xavante,SP26,Primarily hunter-gatherers,"1958, 1962, 1964",bachelor's house,indoor,boys of 7-12,middle childhood,Multiple,NA,adulthood,Multiple,Oblique,older men,Kin-based,taught,Interactive,NA,mat making,sleeping mat,Plant fiber,collective learning environment,"Maybury-Lewis, 1967: 111"
Eastern South America,Xavante,SP26,Primarily hunter-gatherers,"1958, 1962, 1964",bachelor's house,indoor,boys of 7-12,middle childhood,Multiple,NA,adulthood,Multiple,Oblique,older men,Kin-based,taught,Interactive,NA,ritual item making,regalia (special clothes for formal ceremonies) making,NA,collective learning environment,"Maybury-Lewis, 1967: 111"
Northwestern South America,Chachi,SD06,Other subsistence combinations,1959-1960,monte,outdoor,boys 9-13,middle childhood,NA,NA,adulthood,Single,Vertical,father,Kin-based,accompanying father,Interactive,NA,boat making,canoe making,Wood,from earlier periods they start to play with drifting logs,"Altschuler, 1965: 15-16; Skoggard, 2012: 4"
Northwestern South America,Chachi,SD06,Other subsistence combinations,1908-1909,NA,NA,girls of 5 or 6,infancy and early childhood,NA,NA,NA,NA,NA,NA,NA,NA,NA,NA,pottery making,pottery making,Clay,gender skill,"Barrett, 1925: 41; Skoggard, 2012: 4"
Northwestern South America,Chachi,SD06,Other subsistence combinations,1908-1909,NA,NA,girls of 5 or 6,infancy and early childhood,NA,NA,NA,NA,NA,NA,NA,NA,NA,NA,basket making,basket making,NA,gender skill,"Barrett, 1925: 41; Skoggard, 2012: 4"
Northwestern South America,Chachi,SD06,Other subsistence combinations,1908-1909,NA,NA,girls of 5 or 6,infancy and early childhood,NA,NA,NA,NA,NA,NA,NA,NA,NA,NA,weaving,spinning and weaving,NA,gender skill,"Barrett, 1925: 41; Skoggard, 2012: 4"
Northwestern South America,Goajiro,SC13,Pastoralists,NA,NA,NA,girl during seclusion,middle childhood,Single,NA,adulthood,NA,Vertical/Oblique,mother or female caretaker (e.g. aunt),Kin-based,"instruction, helping",Interactive,1-5 years,weaving,weaving,NA,The time of seclusion is not explicitly described in the paper; boys receive instruction on economic skill from uncles,"Watson-Franke and Watson, 1986: 146-147; Watson, 1967: 8"
Northwestern South America,Goajiro,SC13,Pastoralists,1947,NA,NA,boys,NA,NA,NA,adulthood,Multiple,Oblique,"maternal uncle, head of Prestige",Mixed,indirect training,Interactive,NA,weapon making,weapon making,NA,Boys learn during the war,"Gutiérrez de Pineda and Muirden, 1950: 51-52; Watson, 1967: 5-6"
Northwestern South America,Goajiro,SC13,Pastoralists,NA,NA,NA,girls at first mensturation,middle childhood,NA,NA,NA,NA,NA,NA,NA,NA,NA,NA,hammock making,hammock making,NA,"Poor girls are secluded only a few weeks, rich girls up to 2 years","Armstrong and Métraux, 1948: 378-379"
Northwestern South America,Goajiro,SC13,Pastoralists,NA,NA,NA,girls,NA,NA,NA,adulthood,Single,Vertical,mother,Kin-based,helping,Interactive,NA,pottery making,pottery making,Clay,NA,"Watson, 1967: 5-6"
Northwestern South America,Kogi,SC07,Horticulturalists,NA,NA,NA,boys/girls of 6-12,middle childhood,NA,NA,adulthood,Single,Vertical/Oblique,"parents,priest",Mixed,teach,Interactive,NA,weaving,"to twist cabuyas, to weave on the loom",Plant fiber,Easy to learn,"Reichel-Dolmatoff, 1976: 281; Reichel-Dolmatoff and Muirden, 1951:137-138, 227-228"
Northwestern South America,Kogi,SC07,Horticulturalists,NA,NA,NA,male child,NA,NA,NA,adulthood,Single,Oblique,priest,Mixed,teach,Interactive,NA,pottery making,pottery making,Clay,Easy to learn,"Reichel-Dolmatoff, 1976: 281; Reichel-Dolmatoff and Muirden, 1951:137-138"
Southern South America,Chorote,SK06,Hunter-gatherers,1901-1902,NA,NA,boys,NA,NA,NA,NA,NA,NA,NA,NA,NA,NA,NA,weapon making,bow making,NA,NA,"Rosen, 1924: 155-156"
Southern South America,Ona,SH04,Hunter-gatherers,1919-1923,Great Hut,indoor,boys during initation,NA,Multiple,NA,NA,NA,NA,NA,NA,NA,NA,NA,weapon making,arrow making,NA,NA,"Gusinde, 1931: 1451-1452, 500"
Southern South America,Ona,SH04,Hunter-gatherers,1919-1923,Great Hut,indoor,boys during initation,NA,Multiple,NA,NA,NA,NA,NA,NA,NA,NA,NA,general toolmaking,making of some implements,NA,NA,"Gusinde, 1931: 1451-1452, 500"
Southern South America,Tehuelche,SH05,Hunter-gatherers,NA,NA,NA,children,NA,NA,NA,NA,NA,Vertical/Oblique,parents and other band members,Kin-based,NA,NA,NA,weaving,weaving,NA,children are seldom corrected by parents,"Adem, 2009: 3"
Southern South America,Tehuelche,SH05,Hunter-gatherers,1869-1870,NA,NA,children; girls 9-10,middle childhood,NA,NA,NA,NA,Vertical/Oblique,parents and other band members,Kin-based,NA,NA,NA,general toolmaking,toolmaking; household manufacture,NA,children are seldom corrected by parents,"Adem, 2009: 3; Musters, 1873: 186"
Southern South America,Yahgan,SH06,Hunter-gatherers,1918-1924,NA,NA,girls,NA,NA,NA,adulthood,Single,Vertical,mother,Kin-based,little instruction,Observational,NA,basket making,basket weaving,NA,Other adults may also contribute?,"Gusinde and Schütze, 1937: 563, 581-582"
Southern South America,Yahgan,SH06,Hunter-gatherers,1918-1924,NA,NA,little boys,NA,NA,NA,NA,NA,NA,NA,NA,NA,NA,NA,weapon making,spear making,NA,Other adults may also contribute?,"Gusinde and Schütze, 1937: 579"
Southern South America,Yahgan,SH06,Hunter-gatherers,1918-1924,NA,NA,girls,NA,NA,NA,NA,NA,NA,NA,NA,observation and little instruction,Observational,NA,clothes making,dressing skins,NA,NA,"Gusinde and Schütze, 1937: 581"
Southern South America,Yahgan,SH06,Hunter-gatherers,1918-1924,NA,NA,girls,NA,NA,NA,NA,NA,NA,NA,NA,observation and little instruction,Observational,NA,ornament making,making little ornamental strings,NA,NA,"Gusinde and Schütze, 1937: 581"
