Area,Society,OWC_Code,Subsistence,Year of observation,Location,Location(type),Age of learner,Age group of learner,Number of learner,Age of model,Age group of model,Number of model,Transmission modes,Social relationship,Transmission bias,Learning process,Time spent,Perceived difficulty,Technology,Raw material,Access to raw material,Access to technology,Note,Reference
Central Africa,Barundi,FO58,Horticulturalists,1911,NA,NA,NA,NA,1,NA,Adulthood,1,Vertical,father,Kin-based,NA,NA,NA,blacksmith,Metal,NA,restricted to the oldest son,mother can also pass her expertise to her oldest daughter,"Meyer and Handzik, 1916: 139"
Central Africa,Mbuti,FO04,Hunter-gatherers,"1951, 1954-1955",NA,NA,girls,NA,NA,NA,Adulthood,1,Vertical,mother,Kin-based,imitation,NA,NA,basket making,NA,NA,NA,NA,"Turnbull, 1965: 125"
Central Africa,Mongo,FO32,Horticulturalists,Ca. 1930,NA,NA,NA,NA,NA,NA,Adulthood,NA,Vertical,parents,Kin-based,"""teach""",NA,NA,"forging, wood sculpture, the weaving of mats and baskets, pottery making",NA,NA,NA,Girls tend to be observed more frequently because they spent most of their time in the village,"Hulstaert and Vizedom, 1938: 476"
Central Africa,Teda,MS22,Agro-pastoralists,Ca. 1930-1955,NA,NA,children,NA,NA,NA,NA,NA,NA,NA,NA,NA,NA,NA,net and trap making,NA,NA,NA,NA,"Chapelle and Schütze, 1957: 164-165"
Eastern Africa,Amhara,MP05,Intensive agriculturalist,"1953-54, 1961",NA,NA,boys,NA,NA,NA,Adulthood,NA,Vertical/Oblique,NA,NA,imitation,NA,NA,reed weaving,NA,NA,NA,"they also made toys (water-pistols, peashooters) and musical instruments (panpipe flutes, bullrearer)","Messing and Bender, 1985: 209"
Eastern Africa,Banyoro,FK11,Horticulturalists,NA,NA,NA,boys,NA,NA,NA,Adulthood,1,Vertical,father,Kin-based,train,NA,NA,barkcloth making,bark,NA,restricted to men,gendered skill,"Nyakatura and Rigby, 1970: 39-41"
Eastern Africa,Banyoro,FK11,Horticulturalists,NA,NA,NA,boys,NA,NA,NA,Adulthood,1,Vertical,father,Kin-based,train,NA,NA,blacksmith,metal,NA,restricted to men,gendered skill,"Nyakatura and Rigby, 1970: 39-41"
Eastern Africa,Banyoro,FK11,Horticulturalists,NA,NA,NA,boys,NA,NA,NA,Adulthood,1,Vertical,father,Kin-based,train,NA,NA,carpentery,wood,NA,restricted to men,gendered skill,"Nyakatura and Rigby, 1970: 39-41"
Eastern Africa,Banyoro,FK11,Horticulturalists,NA,NA,NA,boys,NA,NA,NA,Adulthood,1,Vertical,father,Kin-based,train,NA,NA,hide making,leather,NA,restricted to men,gendered skill,"Nyakatura and Rigby, 1970: 39-41"
Eastern Africa,Banyoro,FK11,Horticulturalists,NA,NA,NA,boys,NA,NA,NA,Adulthood,1,Vertical,father,Kin-based,train,NA,NA,pottery,clay,NA,restricted to men,gendered skill,"Nyakatura and Rigby, 1970: 39-41"
Eastern Africa,Chagga,FN04,Intensive agriculturalist,NA,workshop,indoor,boys,NA,NA,NA,Adulthood,1,Vertical,father,Kin-based,experimentation,NA,NA,blacksmith,metal,NA,NA,NA,"Raum, 1940: 369-370"
Eastern Africa,Chagga,FN04,Intensive agriculturalist,Ca. 1918,NA,NA,NA,NA,NA,NA,Adulthood,1,Vertical/Oblique,blood kin or blood kin to become,Kin-based,Apprenticeship,2-3 years at least,NA,blacksmith,Metal,NA,NA,The apprentice is not allowed to teach others without the consent of the master,"Dundas Sir, 1924: 273-274"
Eastern Africa,Fur,MQ08,Intensive agriculturalist,1936-1938,NA,NA,boys,NA,NA,NA,NA,NA,NA,NA,NA,"imitation, inculcation and exhortation with small rewards ",NA,NA,"basket weaving, drum making, and cotton spinning",NA,NA,restricted to men,NA,"Beaton, 1948: 15-16"
Eastern Africa,Fur,MQ08,Intensive agriculturalist,1936-1938,NA,NA,girls,NA,NA,NA,NA,NA,NA,NA,NA,"imitation, inculcation and exhortation with small rewards ",NA,NA,pottery making,NA,NA,restricted to women,NA,"Beaton, 1948: 15-16"
Eastern Africa,Ganda,FK07,Intensive agriculturalist,1931-1932,NA,NA,boys,NA,NA,NA,Adulthood,1,Vertical,father,Kin-based,"instruction, co-working",NA,NA,bark cloth making,NA,NA,NA,required for all boys,"Mair, 1934: 65"
Eastern Africa,Ganda,FK07,Intensive agriculturalist,1931-1932,NA,NA,boys,NA,NA,NA,Adulthood,1,Vertical,father,Kin-based,taught,NA,NA,blacksmith,metal,NA,NA,only happens when fathers are specialists,"Mair, 1934: 65"
Eastern Africa,Ganda,FK07,Intensive agriculturalist,1931-1932,NA,NA,boys,NA,NA,NA,Adulthood,1,Vertical,father,Kin-based,taught,NA,NA,pottery making,clay,NA,NA,only happens when fathers are specialists,"Mair, 1934: 65"
Eastern Africa,Gikuyu,FL10,Intensive agriculturalist,"1983-1984, 1992, 1994",NA,NA,girls at very young age,NA,NA,NA,Adulthood,2,Vertical/Oblique,"mother, grandmother",Kin-based,imitation and practice,NA,NA,basket weaving,fiber,NA,NA,The learner started from easy-to-use raw material first,"Davison, 1996: 136"
Eastern Africa,Luguru,FN32,Horticulturalists,NA,hut,indoor,girl of 15,adolescence,1,NA,Adulthood,>1,Vertical/Oblique,"aunts, mother",Kin-based,"taught, imitation",3 years,NA,"make sleeping mats, baskets, pottery and even caps",NA,NA,NA,They also need to learn to make cloth out of bark in earlier times,"Hamdani, 2001: 11-12"
Eastern Africa,Nuba,FJ21,Intensive agriculturalist,1938-1941,“factory” that isclose to clay source but with some distance from the homesteads,outdoor field,grown-up women,adulthood,NA,NA,Adulthood,NA,Horizontal,Expert-novice,Success-based,"watch, help and instruction",NA,NA,pottery making,clay,NA,restricted to women,The more complex technique is taught by expert,"Nadel, 1947: 71-72"
Eastern Africa,Nuba,FJ21,Intensive agriculturalist,1938-1941,“factory” that isclose to clay source but with some distance from the homesteads,outdoor field,daughter,NA,NA,NA,Adulthood,1,Vertical,mother,Kin-based,NA,NA,NA,pottery making,clay,NA,restricted to women,The simpler technique is taught by mother,"Nadel, 1947: 71-72"
Eastern Africa,Okiek,FL20,Hunter-gatherers,1938-1939,NA,NA,boy before puberty,middle childhood,NA,NA,Adulthood,2,Vertical/Oblique,"father, paternal uncle",Kin-based,teach,NA,NA,woodworking,NA,NA,restricted to men,NA,"Huntingford, 1951: 29-30"
Eastern Africa,Okiek,FL20,Hunter-gatherers,1938-1939,NA,NA,children,NA,>1,NA,Adulthood,1,Oblique,paternal uncle,Kin-based,tell,NA,NA,honey-barrel making,NA,NA,NA,NA,"Huntingford, 1951: 27"
Eastern Africa,Turkana,FL17,Pastoralists,1948-1949,NA,NA,boy,NA,1,older sibling or an adult,Adulthood,NA,NA,older sibling or an adult,Kin-based,NA,NA,NA,woodworking,wood,NA,NA,NA,"Gulliver, 1951: 190A"
Eastern Africa,Turkana,FL17,Pastoralists,1948-1949,NA,NA,girls before 10,middle childhood,NA,NA,Adulthood,>1,Vertical/Oblique,mother and mother's co-wives,Kin-based,direct tutelage,NA,NA,"clothes-making, beadwork, vessel-making",NA,NA,restricted to women,NA,"Gulliver, 1951: 191A-191B"
Northern Africa,Berbers of Morocco,MX03,Agro-pastoralists,1926-1927,her house,indoor,girl,NA,1,NA,NA,>1,NA,Experts,Success-based,instruction,NA,NA,weaving,NA,NA,restricted to women,The instruction is in the form of party,"Coon, 1931: 77"
Northern Africa,Nubians,MR08,Horticulturalists,1963-1964,NA,NA,NA,NA,NA,NA,NA,NA,Vertical/Oblique,within families,Kin-based,NA,NA,NA,building technique (carpentary),wood,NA,NA,Very few specialists exist among a group of people who have general building techniques,"Kennedy and Fahim, 1977: 25"
Northern Africa,Tuareg,MS25,Agro-pastoralists,1929-1940,NA,NA,girls after 6 or 7,middle childhood,NA,NA,NA,NA,NA,NA,NA,NA,NA,NA,"weave mats, work little copper articles, and spin goat hair",NA,NA,restricted to women,NA,"Lhote and Sipfle, 1944: 146-147"
Southern Africa,Bemba,FQ05,Horticulturalists,1930-1934,NA,NA,girls,NA,NA,NA,NA,NA,NA,NA,NA,imitation,NA,NA,pottery making,NA,NA,NA,The learning process is gradual and the learners were not forced to practice it.,"Richard, 1939: 105-106"
Southern Africa,Khoi,FX13,Other subsistence combinations,NA,NA,NA,little girls,NA,NA,NA,Adulthood,1,Vertical,mother,Kin-based,assisting,NA,NA,reed mat making,fiber,NA,NA,NA,"Schapera, 1930: 268-269"
Southern Africa,Ovambo,FX08,Agro-pastoralists,"1958-1962, 1971-1975",NA,NA,boy,NA,NA,NA,Adulthood,1,Oblique,mother or father's brother,Kin-based,Apprenticeship,NA,NA,blacksmith,Metal,NA,boys?,The blacksmith has low social status. There is an initation ceremony to become independent,"Hiltunen, 1993: 70-71"
Southern Africa,Ovimbundu,FP13,Horticulturalists,1929-1930,NA,NA,boys at an early age,NA,NA,NA,NA,NA,NA,NA,NA,play,NA,NA,"wooden-tipped arrows making; mat-making, wood-working, rope-making",wood,NA,restricted to boys,gendered skill,"Hambly, 1934: 167; McCulloch, 1952: 43"
Southern Africa,Ovimbundu,FP13,Horticulturalists,1929-1930,NA,NA,girls at an early age,NA,NA,NA,NA,NA,NA,NA,NA,play,NA,NA,pottery making and basketery,NA,NA,restricted to girls,gendered skill,"Hambly, 1934: 167; McCulloch, 1952: 43"
Southern Africa,Ovimbundu,FP13,Horticulturalists,1924-1940,NA,NA,boys before 8 or 9,early childhood,NA,Elder sibling or cousin,NA,NA,Horizontal/Oblique,Elder sibling or cousin,Kin-based,tutoring,NA,NA,trap and snare making,NA,NA,NA,NA,"Childs, 1949: 104"
Southern Africa,San,FX10,Hunter-gatherers,1958-1964,NA,NA,boys 5-6,early childhood,>1,Elder,Adulthood,1,Oblique,Elder,Prestige-based,answering question and instruction,NA,NA,making bows,NA,NA,NA,The learning is multi-staged,"Silberbauer, 1965: 79-81"
Southern Africa,San,FX10,Hunter-gatherers,1958-1964,NA,NA,"boy after ""small child"" but before puberty",middle childhood,NA,NA,Adulthood or adolescence,>1,Vertical/Oblique,"father and older brothers, father-in-laws",Kin-based,helping,NA,NA,the manufacture of weapons and implements,NA,NA,boys?,girls start to take their social responsibilites earlier than boys; protracted learning process,"Silberbauer, 1965: 79-81; Silberbauer, 1972: 315-316"
Southern Africa,Shona,FS05,Agro-pastoralists,1965-1971,NA,NA,boys in puberty,adolescence,NA,NA,NA,NA,NA,NA,Kin-based,instruction,NA,NA,the manufacture of weapons and implements,NA,NA,boys?,gendered skills,"Aschwanden and Cooper, 1982: 75-76"
Southern Africa,Shona,FS05,Agro-pastoralists,1972-1977,NA,NA,girls at an early age,NA,NA,NA,Adulthood,2,Vertical/Oblique,"mother, grandmother",Kin-based,"individual learning, correcting error, teaching",NA,NA,pottery making,clay,NA,restricted to women,"Both sexes are taught agricultural pursuits, such as hoeing, planting, reaping","Gelfand, 1979: 221, 35-36; Bullock, 1950: 42"
Southern Africa,Shona,FS05,Agro-pastoralists,1972-1977,NA,NA,boys,NA,NA,NA,NA,NA,NA,NA,NA,NA,NA,NA,"make baskets, hoes, pestles and many other utensils; leather work",NA,NA,NA,"Both sexes are taught agricultural pursuits, such as hoeing, planting, reaping","Gelfand, 1979: 221"
Southern Africa,Shona,FS05,Agro-pastoralists,NA,NA,NA,boy at 6,early childhood,NA,Older boys/grandfather,Adulthoods and older children,>1,Horizontal/Oblique,Older boys,Familiarity-based/Kin-based,teach,NA,NA,trap making,NA,NA,restricted to men,NA,"Bullock, 1950: 40-41; Gelfand, 1979: 35-36"
Southern Africa,Shona,FS05,Agro-pastoralists,1972-1977,NA,NA,boys,NA,NA,NA,Adulthood,1,Vertical,father,Kin-based,watching and helping,NA,NA,woodwork and iron work,NA,NA,restricted to men,NA,"Gelfand, 1979: 182"
Southern Africa,Shona,FS05,Agro-pastoralists,1940-1967,NA,NA,boys after 6 or 7,early childhood,NA,NA,Adulthood,>1,Vertical/Oblique,"father, brothers",Kin-based,helping,NA,NA,making baskets and mats,NA,NA,NA,NA,"Gelfand, 1968: 105"
Southern Africa,Tanala,FY08,Intensive agriculturalist,1926-1927,NA,NA,"""at a very early age""",NA,NA,NA,NA,NA,NA,NA,NA,NA,NA,NA,traps for small birds and mammals,NA,NA,Boys?,Tanala toys seem to be characterized by an almost complete absence of replicas of things used by adults,"Linton, 1933: 256-258"
Southern Africa,Tonga,FQ12,Horticulturalists,"1946-1947, 1948, 1950",NA,NA,"""throughout childhood""",NA,NA,NA,NA,NA,NA,NA,NA,NA,NA,NA,various tools or utensils,NA,NA,NA,Boys have a less uniform training and their competence,"Colson, 1958: 262-263"
Southern Africa,Tonga,FQ12,Horticulturalists,"1946-1947, 1948, 1950",NA,NA,girls,NA,NA,NA,NA,NA,NA,NA,NA,NA,NA,NA,basketery,fiber,NA,restricted to women,gendered skills,"Colson, 1958: 260"
Southern Africa,Tonga,FQ12,Horticulturalists,"1946-1947, 1948, 1950",NA,NA,girls,NA,NA,NA,NA,NA,NA,NA,NA,NA,NA,NA,pottery making,clay,NA,restricted to women,gendered skills,"Colson, 1958: 260"
Southern Africa,Tonga,FQ12,Horticulturalists,"1946-1947, 1948, 1950",NA,NA,boys,NA,NA,NA,NA,NA,NA,NA,NA,NA,NA,NA,blacksmith,metal,NA,restricted to men,gendered skills,"Colson, 1958: 260"
Southern Africa,Tonga,FQ12,Horticulturalists,"1946-1947, 1948, 1950",NA,NA,boys,NA,NA,NA,NA,NA,NA,NA,NA,NA,NA,NA,woodcarving,wood,NA,restricted to men,gendered skills,"Colson, 1958: 260"
Southern Africa,Tonga,FQ12,Horticulturalists,1946-1948,NA,NA,boys after 5 or 6,early childhood,NA,NA,NA,NA,NA,NA,NA,practice,NA,NA,spinning thread for making snares,NA,NA,restricted to men,gendered skills,"Colson, 1949: 31-32"
Southern Africa,Zulu,FX20,Agro-pastoralists,Ca. 1956-1957,NA,NA,boys,NA,NA,NA,Adulthood,1,Vertical,father,Kin-based,imitation and experimenting,NA,NA,"making sledges, riems, yokes (agricultural tools)",NA,NA,boys only?,gendered skills,"Vilakazi, 1962: 124-125"
Southern Africa,Zulu,FX20,Agro-pastoralists,Ca. 1956-1957,NA,NA,boys,NA,NA,NA,Adulthood,1,Vertical,father,Kin-based,taught,NA,NA,spear making,NA,NA,restricted to men,Relatives can also learn,"Vilakazi, 1962: 124-125"
Southern Africa,Zulu,FX20,Agro-pastoralists,"1940, 1952-53, 1955-56, 1956-57",NA,NA,girls after ear-piercing ,NA,NA,NA,NA,NA,NA,NA,NA,make-believe play,NA,NA,bead work,NA,NA,restricted to women,NA,"Raum, 1973: 91"
Western Africa,Akan,FE12,Horticulturalists,1921-192?,NA,NA,NA,NA,NA,NA,Adulthood,1,Vertical,father/sister's son-uncle,Kin-based,NA,NA,NA,stool carving,Wood,NA,restricted to men,"stools are believed to have their own name, gender, and social status","Rattray, 1927: 271-272"
Western Africa,Akan,FE12,Horticulturalists,1921-192?,NA,NA,quite small children,NA,NA,NA,Adulthood,1,Vertical,mother,Kin-based,NA,NA,NA,pottery making,clay,NA,mainly women,anthropomorphic or zoomorphic forms are forbidden for women to make,"Rattray, 1927: 301-302"
Western Africa,Akan,FE12,Horticulturalists,1921-192?,NA,NA,little boys,NA,NA,NA,Adulthood,1,Vertical,father,Kin-based,play with miniature tools,NA,NA,weaving,NA,NA,NA,hereditary occupation,"Rattray, 1927: 233"
Western Africa,Dogon,FA16,Intensive agriculturalist,1935,NA,NA,NA,NA,1,NA,Adulthood,1,Vertical,mother,Kin-based,help with preparation,NA,NA,pottery making/ shoe making ,clay,NA,NA,shoemaking is more specialized than pottery making,"Paulme and Schütze, 1940: 447"
Western Africa,Dogon,FA16,Intensive agriculturalist,1935,NA,NA,NA,NA,1,NA,Adulthood,1,Vertical,father,Kin-based,help with preparation,NA,NA,blacksmith,metal,NA,NA,politeness is regarded more challenging compared with basket plaiting,"Paulme and Schütze, 1940: 447"
Western Africa,Fon,FA18,Horticulturalists,1931,workshop,indoor,3 or 4,infancy,1,8 or 9,middle childhood,2,Horizontal,NA,NA,help with preparation,NA,NA,blacksmith,metal,NA,NA,child begins to participate in Dahomean life at a very early age,"Herskovits, 1967: 273-274"
Western Africa,Fulani,MS11,Pastoralists,1951-1953,pool and stream,outdoor field,4/5-9/10,early childhood,NA,NA,NA,NA,NA,NA,NA,NA,NA,NA,pottery figurine making,clay,NA,NA,No gender restrictions but gendered expressions exist. ,"Stenning, 1964: 155-156"
Western Africa,Igbo,FF26,Horticulturalists,1951-1960,bush,outdoor field,Enna (small boy before initiation),early childhood,>1,NA,Adulthood and adolescence,NA,Oblique/Horizontal,men or older boys in the village,familiarity-based,imitation,NA,NA,mask carving,leaves,NA,secret sociey composed of small boys,mutli-staged learning,"Ottenberg, 1975: 67-68"
Western Africa,Igbo,FF26,Horticulturalists,1951-1960,NA,NA,Enna (boy of 11),middle childhood,NA,NA,NA,1,Horizontal,Older-younger brothers,Kin-based,"play, teach",NA,NA,"mask carving and coloring, musical instrument making",Wood or calabash,NA,secret sociey composed of small boys,criticisms and rewards of age-mates are important motivations,"Ottenberg, 1975: 67-69; Ottenberg, 1989: 121-122"
Western Africa,Igbo,FF26,Horticulturalists,"1951-1953, 1959-1960, 1966",NA,NA,girls by adolescence,adolescence,NA,NA,NA,NA,NA,NA,NA,NA,NA,NA,pottery making,clay,NA,restricted to women,gendered skill,"Ottenberg, 1989: 121-122"
Western Africa,Igbo,FF26,Horticulturalists,1929-1932,NA,NA,boys 5-7,early childhood,NA,NA,Adulthood,1,Vertical,father,Kin-based,taught,NA,NA,mat making,NA,NA,NA,NA,"Meek, 1970: 298"
Western Africa,Kpelle,FD06,Horticulturalists,1968-1969,workshop,indoor,14,adolescence,1,NA,Adulthood,1,Oblique,uncle,Kin-based,Apprenticeship,3 years,Difficult,blacksmith,Metal,NA,NA,"Appreticeship is not done with their parents and involves phsyical abuse. Before formal apprenticeship, there is a period of helping and watching.","Lancy, 1984: 157-158"
Western Africa,Kpelle,FD06,Horticulturalists,1968-1969,NA,NA,mid-teen,adolescence,1,NA,Adulthood,1,Oblique,unrelated individuals,Success-based,apprenticeship,3 years,NA,leather work,leather,NA,NA,The learner was exposed to this skill when he was much younger from his uncle,"Lancy, 1984: 159"
Western Africa,Kpelle,FD06,Horticulturalists,"1967-1969, 1973",NA,NA,8,middle childhood,6,NA,NA,0,Horizontal,Peer friends,?,make-believe play,NA,Difficult,blacksmith,Metal,Easy,NA,"The make-believe play acitivty mimicing the blacksmith business help them get used to the social aspects of this technology, e.g., how to maintain a relationship with customer, but not its technical or ideological aspects. Children use models instead of real tools and artifacts. Conflicting records in terms of age, which could a result of staged learning","Lancy, 1996: 89-90; 161-162"
Western Africa,Kpelle,FD06,Horticulturalists,"1967-1969, 1973",NA,NA,16,adolescence,1,NA,NA,1,Horizontal,Peer friends,Familiarity-based,teaching by demonstration,a week,NA,hammock weaving,Fiber,NA,NA,"there need not be an expert present to see the influence exerted by society on the learner. In each of the previous cases, we see individuals acquiring weaving skills to enhance their own social participatio","Lancy, 1996: 154-155"
Western Africa,Kpelle,FD06,Horticulturalists,"1967-1969, 1973",NA,NA,21,adulthood,1,NA,Adulthood,1,Vertical,father,Kin-based,teaching by demonstration,two weeks,NA,hammock weaving,Fiber,NA,NA,The learner's age can be as small as 12,"Lancy, 1996: 154-155"
Western Africa,Kpelle,FD06,Horticulturalists,1914-1915 (4 Months),bush,outdoor field,15-Jul,?,>1,NA,Adulthood,NA,Oblique,Teacher,?,teaching,4 years,NA,"plaiting mats, weaving, basketry; making sieves, traps, fish nets, weirs; roofing, blacksmithing, hunting; carving dugouts, mortars and drums; making game boards.",NA,NA,NA,Formal poro bush school. The learning process is strictly kept as a secret.,"Westerman, & Schütze, 1921: 292B"
Western Africa,Kpelle,FD06,Horticulturalists,1968-1969,NA,NA,NA,NA,NA,NA,Adulthood,1,Vertical,mother,Kin-based,NA,NA,NA,net weaving,NA,NA,NA,Toolmakng skills are gendered,"Lancy, 1984: 141"
Western Africa,Kpelle,FD06,Horticulturalists,1968-1969,NA,NA,<7,infancy/early childhood,1,NA,Adulthood,1,Vertical,father,Kin-based,"observation, helping, and advice",NA,NA,trap making,NA,NA,restricted to men,"By 16 the boy become an independent trapper. Conflicting record between two sources, which could be the result of staged learning.","Lancy, 1984: 141; Lancy, 1996:160, 161-162; Germain and Granka, 1955: 23"
Western Africa,Kpelle,FD06,Horticulturalists,1968-1969,NA,NA,boys at 9 and 10,middle childhood,NA,NA,NA,NA,NA,NA,NA,NA,NA,NA,horn and baming (musical instrument)  making,NA,NA,NA,The adults' horn are made of different raw materials,"Lancy, 1984: 228"
Western Africa,Kpelle,FD06,Horticulturalists,1968-1969,NA,NA,teenage girl of 16,adolescence,2,NA,Adulthood,1,Oblique,NA,NA,demonstration and coworking,NA,NA,weaving,fiber,NA,NA,No explaination. Co-production,"Lancy, 1984: 151"
Western Africa,Kpelle,FD06,Horticulturalists,1968-1969,NA,NA,boys earlier than 9,early childhood,NA,Older brother,adolescence,1,Horizontal/Oblique,older brother,Kin-based,observation and imitation,NA,NA,mat weaving,fiber,NA,restricted to boys,starting from 13 they start to make more substantial mats,"Lancy, 1984: 155"
Western Africa,Kpelle,FD06,Horticulturalists,1968-1969,NA,NA,male of 22,adulthood,NA,Older brother,Adulthood,1,Horizontal/Oblique,older brother,Kin-based,taught,NA,NA,weaving,fiber,NA,NA,His brother leanred weaving from his father. The learner also started to observe his father weaving when he was very young.,"Lancy, 1984: 150; Lancy, 1996: 164"
Western Africa,Kpelle,FD06,Horticulturalists,1968-1969,NA,NA,girl of 7,early childhood,NA,NA,Adulthood,1,Vertical,mother,Kin-based,self-learning and teasing,NA,NA,spinning,fiber,NA,NA,Mostly self-learning,"Lancy, 1984: 153"
Western Africa,Mende,FC07,Horticulturalists,"1987-1988, 1990-1991",initiation,outdoor field,NA,adolescence,NA,NA,Adulthood,NA,NA,NA,NA,NA,NA,NA,furniture and agriculture equipment making,wood,NA,Boys only,women are not allowed to get involved in the initation,"Leach, 1994: 134"
Western Africa,Mende,FC07,Horticulturalists,1945-1946,bush,outdoor field,boys between 14 and 15,adolescence,>1,NA,Adulthood,>1,Oblique,individual specialists,Success-based,teaching,a few months,NA,"making raffia clothes, basketry, nets; trap making",NA,NA,Boys only,women are not allowed to get involved in the initation,"Little, 1951: 120-121"
Western Africa,Mossi,FA28,Intensive agriculturalist,Ca. 1910,NA,NA,boys,NA,NA,NA,Adulthood,1,Vertical,father,Kin-based,teaching,NA,NA,mat plaiting and weaving,NA,NA,NA,More specialized skills are also passed down to sons,"Mangin, Brunel, and Skinner, 1921: 44"
Western Africa,Tallensi,FE11,Intensive agriculturalist,1934-1937,NA,NA,16,adolescence,NA,NA,NA,NA,NA,NA,NA,individual learning,NA,NA,"bow and arrows, leatherwork, the forging of tools and implements",Leather,NA,NA,An adolescent youth is already applying the deftness and skill acquired in juvenile play or in the arts and crafts of his boyhood to practical ends,"Fortes, 1938: 61"
Western Africa,Tallensi,FE11,Intensive agriculturalist,1934-1937,NA,NA,11-Aug,middle childhood,NA,NA,NA,NA,Horizontal,friends,Familiarity-based,group play,NA,NA,reedware plaiting,reed,NA,No restrictions,practiced by both genders. It has seasonal feature,"Fortes, 1938: 60"
Western Africa,Tallensi,FE11,Intensive agriculturalist,1934-1937,NA,NA,9-Aug,middle childhood,NA,NA,older boys or youth,NA,Horizontal,NA,NA,teaching by correcting mistakes,NA,NA,clay model making,clay,NA,No restrictions,possibility of co-production; not all boys know how to do it,"Fortes, 1938: 60"
Western Africa,Tiv,FF57,Horticulturalists,1949-1952,NA,NA,girl of 7,early childhood,NA,NA,NA,NA,NA,NA,NA,experimenting,NA,NA,pottery making,clay,NA,NA,mostly self-experimenting,"Bohannan and Bohannan, 1958: 381"
Western Africa,Yoruba,FF62,Horticulturalists,1952,workshop,indoor,before 16,?,1,NA,Adulthood,1,Vertical/Oblique,"father, uncle, brothers",Kin-based,Apprenticeship,NA,NA,blacksmith,Metal,NA,NA,It is possible to do apprenticeship with a non-kin with a fee,"Lloyd, 1953: 33"
Caucasus,Armenia,RJ01,Intensive agriculturalist,NA,NA,NA,girl of 12-15,adolescence,NA,NA,Adulthood,2,Vertical/Oblique,"mother, sister-in-law",Kin-based,NA,NA,NA,weaving,NA,NA,NA,NA,"Villa and Matossian, 1982: 116-117"
Central Asia,Inner Mongolia,AH06,Agro-pastoralists,NA,NA,NA,girls,NA,NA,NA,NA,NA,NA,family members,Kin-based,taught,NA,NA,sewing,NA,NA,restricted to women,NA,"Chang et al., 1956: 269"
Central Asia,Lepcha,AK05,Intensive agriculturalist,1937,NA,NA,Older boys,NA,NA,Older brother or friend,NA,>1,Horizontal,Older brother or friend,Kin-based/familiarity-based,instruction,NA,NA,making bamboo flutes,bamboo,NA,NA,NA,"Gorer and Hutton, 1938: 309"
Central Asia,Mongolia,AH01,Pastoralists,1919-1920,NA,NA,boys of 6-7,early childhood,NA,NA,NA,NA,NA,NA,NA,NA,NA,NA,horse harnesses making,NA,NA,restricted to boys,gendered skill,"Maiskii, 1921: 132-133"
East Asia,Okayama,AB43,Intensive agriculturalist,1950-1951,workshop,indoor,NA,NA,7-Jan,NA,Adulthood,1,Oblique,Unrelated individuals,Success-based,Apprenticeship,NA,Difficult,carpentry,Wood,NA,NA,"Apprentice need to do chores for master as a fee. Other common handicrafts, the sawyer's craft, stonecutting, plastering, cooperage, follow the same apprenticeship pattern with only slight modifications","Cornell, 1956: 143-146"
East Asia,Okinawans,AC07,Intensive agriculturalist,1954-1955,NA,NA,5-Apr,early childhood,NA,NA,Older children,NA,Horizontal,brothers,Kin-based,observation and experimenting,NA,NA,rope making,rice straw,NA,No restrictions,mutli-staged learning,"Maretzki, Maretzki, and Whiting: 1963: 510-511"
East Asia,Okinawans,AC07,Intensive agriculturalist,1954-1955,NA,NA,9-Aug,middle childhood,NA,NA,Adulthood,NA,Vertical/Oblique,NA,NA,observation and experimenting,NA,NA,rope making,rice straw,NA,No restrictions,mutli-staged learning,"Maretzki, Maretzki, and Whiting: 1963: 510-511"
East Asia,Okinawans,AC07,Intensive agriculturalist,NA,NA,NA,girl of 5 or 6,early childhood,NA,NA,NA,NA,NA,NA,NA,NA,NA,NA,weaving,"cotton, karamushi (a plant fiber) and silk",NA,NA,NA,"Haring: 1969, 92-93"
East Asia,Yi,AE04,Intensive agriculturalist,1943,NA,NA,girls between childhood and youth,adolescence,NA,NA,NA,NA,NA,NA,NA,NA,NA,NA,"sewing, knitting, and embroidery",NA,NA,restricted to women,NA,"Lin and Pan, 1947: 55"
North Asia,Koryaks,RY04,Primarily hunter-gatherers,1900-1901,NA,NA,girls of 10-12,middle childhood,NA,NA,NA,NA,NA,NA,NA,helping,NA,NA,sewing of cloth,NA,NA,restricted to women,NA,"Jochelson,1908: 758"
North Asia,Nivkh,RX02,Primarily hunter-gatherers,NA,NA,NA,girls,NA,NA,NA,Adulthood,1,Vertical,mother,Kin-based,taught,NA,NA,"making thread, sewing and embroidery",NA,NA,restricted to women,NA,"Black, 1973: 63"
North Asia,Yukaghir,RV03,Primarily hunter-gatherers,"1895-1896, 1901-1902",NA,NA,NA,NA,NA,NA,Adulthood,1,Vertical,father-son,Kin-based,NA,NA,NA,blacksmith,Metal,NA,restricted to sons,The blacksmith's status is as high as the shanman.,"Jochelson, 1975: 425"
South Asia,Andamans,AZ02,Hunter-gatherers,NA,NA,NA,children,NA,NA,NA,NA,NA,NA,NA,NA,play and practice,NA,NA,"canoes, bows and arrows, and small nets",NA,NA,NA,NA,"Pandya, 1995: 7"
South Asia,Bengali,AW69,Intensive agriculturalist,1970-1975,NA,NA,NA,NA,NA,NA,Adulthood,1,Vertical,father-son,Kin-based,NA,NA,NA,carpentry,wood,NA,NA,The boys prefered to working in factory compared with learning carpentery from their fathers,"Klass, 1978: 209-210"
South Asia,Bhil,AW25,Agro-pastoralists,1943-1954,NA,NA,children,NA,NA,NA,Adulthood,NA,Vertical/Oblique,elders,NA,"imitation, verbal instruction, co-working",NA,NA,rope making,NA,NA,NA,NA,"Naik, 1956: 119"
South Asia,Garo,AR05,Horticulturalists,1954-1956,NA,NA,boys after 12,adolescence,NA,NA,Adulthood,1,Vertical,father,Kin-based,"formal instruction, demonstration, correction",NA,NA,basket weaving,fiber,NA,NA,No analytical teaching. Co-production exist,"Burling, 1963: 116"
South Asia,Gond,AW32,Other subsistence combinations,"1927-1934, 1940-1941",NA,NA,boys,NA,NA,NA,Adulthood,1,Vertical,father,Kin-based,"imitation, play",NA,NA,carving of ornamental combs and beadwork,NA,NA,NA,NA,"Grigson and Elwin, 1949: 186-187"
South Asia,Mara,AR20,Horticulturalists,1924-1928,NA,NA,children,NA,NA,NA,Adulthood,1,Vertical,father,Kin-based,observation and imitation,NA,NA,trap making,NA,NA,No restrictions,NA,"Parry, 1932: 27-29"
South Asia,Mara,AR20,Horticulturalists,1924-1928,NA,NA,girls,NA,NA,NA,NA,NA,NA,NA,NA,taught,NA,NA,weaving,NA,NA,restricted to women,NA,"Parry, 1932: 27-29"
South Asia,Santal,AW42,Intensive agriculturalist,1942-1946,NA,NA,boys of 5-6,early childhood,NA,NA,NA,NA,NA,NA,NA,NA,NA,NA,flute making,NA,NA,NA,NA,"Arche, 1974: 35"
Southeast Asia,Alorese,OF05,Horticulturalists,1961,NA,NA,girl in preadolescent period,middle childhood,NA,NA,Adulthood,1,Vertical,mother,Kin-based,taught,NA,NA,"Weaving baskets, sewing pandanus mats, and making bark cloth",NA,NA,restricted to women,gendered skill,"Du Bois, Kardiner, and Oberholzer, 1944: 56-57"
Southeast Asia,Balinese,OF07,Intensive agriculturalist,1930-1933,NA,NA,little girl,NA,NA,NA,Adulthood,1,Vertical,mother,Kin-based,NA,NA,NA,weaving,NA,NA,restricted to women,gendered skill,"Covarrubias, 1938: 133; Belo, 1936: 130"
Southeast Asia,Central Thai,AO07,Intensive agriculturalist,1969-1970,NA,NA,school-age boys,middle childhood,>1,tennage boys,adolescence,>1,Horizontal,Unrelated individuals,Familiarity-based,observation and expreimenting,NA,NA,crab trap making,NA,NA,NA,NA,"Anderson, 1983: 359-361"
Southeast Asia,Central Thai,AO07,Intensive agriculturalist,1969-1970,NA,NA,NA,NA,NA,older chidren,NA,NA,Horizontal,NA,NA,observation and expreimenting,NA,NA,the making of play and game equipment,NA,NA,NA,NA,"Anderson, 1983: 359-361"
Southeast Asia,Eastern Toraja,OG11,Horticulturalists,1892-1932,workshop,indoor,14-Dec,adolescence,1,NA,Adulthood,1,Vertical,father-son,Kin-based,help with preparation,NA,NA,blacksmith,metal,NA,NA,The son himself must present passion to be taught by the father,"Adriani and Kruijt, 1951a: 624"
Southeast Asia,Eastern Toraja,OG11,Horticulturalists,1892-1932,NA,NA,little girls,NA,NA,NA,Adulthood,1,Vertical,mother,Kin-based,observation and imitation,NA,NA,bark cloth making,bark,NA,NA,NA,"Adriani and Kruijt, 1951a: 622-623"
Southeast Asia,Eastern Toraja,OG11,Horticulturalists,1892-1932,NA,NA,girl,NA,NA,NA,Adulthood,1,Oblique,worker,Sucess-based,"imitation, advice and instruction",NA,NA,pottery making,clay,NA,restricted to women,men are not forbidden to make pots but it is still a gendered skill,"Adriani and Kruijt, 1951b: 651"
Southeast Asia,Ifugao,OA19,Intensive agriculturalist,NA,NA,NA,NA,NA,NA,NA,"Adulthood and ""older sisters""",NA,Vertical/Oblique,"mother, sisters",Kin-based,helping and practice under supervision,a short period of time,NA,weaving,cotton,NA,restricted to women,The weaving tools are made by men.,"Lambrecht, 1958: 1"
Southeast Asia,Ifugao,OA19,Intensive agriculturalist,1937,NA,NA,boys,NA,1,NA,Adulthood,1,Oblique,NA,Success-based,teach,NA,NA,fish hook making,wire,NA,NA,NA,"Barton, 1938: 44-45"
Southeast Asia,Ifugao,OA19,Intensive agriculturalist,1937,NA,NA,boys,NA,1,NA,Adulthood,1,Oblique,NA,Success-based,teach,NA,NA,crap trap making,wire,NA,NA,NA,"Barton, 1938: 44-45"
Southeast Asia,Ifugao,OA19,Intensive agriculturalist,1937,NA,NA,boy,NA,1,older boy,NA,1,Horizontal,playmates,Familiarity-based,experimenting and correction,NA,NA,bird trap making,NA,NA,NA,NA,"Barton, 1938: 43"
Southeast Asia,Javanese,OE05,Intensive agriculturalist,1986-1988,NA,NA,NA,NA,NA,NA,Adulthood,NA,Vertical/Oblique,parents and grandparents,Kin-based,NA,NA,NA,batik making (cloth dying),NA,NA,NA,NA,"Brenner, 1998: 196; Koentjaraningrat, 1985: 242-243"
Southeast Asia,Malays,AN05,Intensive agriculturalist,NA,NA,NA,boys,NA,NA,NA,Adulthood,2,Vertical,parents,Kin-based,helping,NA,NA,trap making,NA,NA,NA,NA,"Wilkinson, 1920: 12-13"
Southeast Asia,Malays,AN05,Intensive agriculturalist,NA,NA,NA,youths,NA,NA,NA,Adulthood,1,Oblique,unrelated individuals,Success-based,helping/apprenticeship,NA,NA,metal-working,NA,NA,NA,The learners need to first show talents,"Wilkinson, 1920: 12-13"
Southeast Asia,Sama-Bajau,OA08,Primarily hunter-gatherers,"1963, 1965-1967, 1977, 1982, 1997",NA,NA,young boy,NA,1,NA,Adulthood,1,Vertical,father,Kin-based,helping,NA,NA,boat making,wood,NA,restricted to men,"It is usually an individual project but collaboration is allowed. Common skill as boat is required as bride price. At 14 or 15, they are able to make their first boats","Nimmo, 2000: 51, 53; Jumala, 2011: 107"
Southeast Asia,Sama-Bajau,OA08,Primarily hunter-gatherers,1979,NA,NA,girls in late childhood,middle childhood,NA,NA,Adulthood,1,Vertical,mother,Kin-based,NA,NA,NA,mat weaving,NA,NA,restricted to women,gendered skill,"Teo, 1989: 107, 76"
Southeast Asia,Sama-Bajau,OA08,Primarily hunter-gatherers,1979,NA,NA,boys in late childhood,middle childhood,NA,NA,Adulthood,1,Vertical,father,Kin-based,taught,NA,NA,net weaving,NA,NA,restricted to men,gendered skill,"Teo, 1989: 107, 76"
Southeast Asia,Sama-Bajau,OA08,Primarily hunter-gatherers,1979,NA,NA,boys in late childhood,middle childhood,NA,NA,Adulthood,1,Vertical,father,Kin-based,taught,NA,NA,fish trap making,NA,NA,restricted to men,gendered skill,"Teo, 1989: 107, 76"
Southeast Asia,Sama-Bajau,OA08,Primarily hunter-gatherers,1979,NA,NA,boys in late childhood,middle childhood,NA,NA,Adulthood,1,Vertical,father,Kin-based,taught,NA,NA,woodcarving,NA,NA,restricted to men,gendered skill,"Teo, 1989: 107, 76"
Southeast Asia,Sama-Bajau,OA08,Primarily hunter-gatherers,1979,NA,NA,boys in late childhood,middle childhood,NA,NA,Adulthood,1,Vertical,father,Kin-based,taught,NA,NA,basketry,NA,NA,restricted to men,gendered skill,"Teo, 1989: 107, 76"
Southeast Asia,Semai,AN06,Horticulturalists,"1962-1963, 1975",NA,NA,NA,NA,NA,NA,Adulthood,NA,Vertical/Oblique,"parents, grandparents",Kin-based,"imitation, explicit instruction, play",NA,NA,a small version of the appropriate tool,NA,NA,NA,NA,"Dentan, 1978: 126"
Southeast Asia,Semai,AN06,Horticulturalists,1977-1981,NA,NA,boys,NA,NA,NA,NA,NA,NA,older members of the same sex,NA,NA,NA,NA,blowpipe making,bamboo,NA,restricted to men,NA,"Howell, 1984: 46-47"
Southeast Asia,Semai,AN06,Horticulturalists,1977-1981,NA,NA,girls,NA,NA,NA,NA,NA,NA,older members of the same sex,NA,NA,NA,NA,mat and bag making,fiber,NA,restricted to women,NA,"Howell, 1984: 46-47"
Southeast Asia,Vietnamese,AM11,Intensive agriculturalist,"1958-1959, 1962-1964",NA,NA,NA,NA,NA,NA,Adulthood,1,Vertical/Oblique,"father-son, uncle-nephew",Kin-based,Apprenticeship,NA,NA,carpentry,wood,NA,restricted to kins,It is possible to do apprenticeship with a non-kin in another village,"Hickey, 1964: 165-166"
Southeast Asia,Vietnamese,AM11,Intensive agriculturalist,"1990-1992, 1993-1994",NA,NA,NA,NA,NA,NA,Adulthood,NA,Vertical/Oblique,"sons, sons-in-law, and patrilineal descendants",Kin-based,taught,NA,NA,"paper votive items for the dead, traditional ink-block prints",NA,NA,restricted to patralinial male kins,The most important knowledge was taught exclusively to senior men,"Malarney, 1998: 273-274"
Scandinavia,Saami,EP04,Pastoralists,1958-1959,NA,NA,boy,NA,NA,NA,Adulthood,1,Vertical,father,Kin-based,scaffolding and teaching,NA,NA,"construction of cabins, boats, sleds, reindeer collars, harness, and numerous other items",NA,NA,restricted to men,The training is highly permissive. The author mentioned a case of prodigy where the learner made his first sled when he was 8.,"Pelto and Pertti, 1962: 112"
Scandinavia,Saami,EP04,Pastoralists,1934,NA,NA,girl of 14,adolescence,NA,NA,Adulthood,2,Vertical/Oblique,"mother, grandmother",Kin-based,instruct,NA,NA,"make their own clothes, shoes, fur koltes and leather garments, weave ribbons and spin sinew yarn",NA,NA,restricted to women,gendered skill,"Bernatzik and Ogilvie, 1938: 99-100"
Scandinavia,Saami,EP04,Pastoralists,1913-1947,NA,NA,girls of 10,middle childhood,NA,NA,NA,NA,NA,NA,NA,NA,NA,NA,tendon string making,NA,NA,NA,NA,"Itkonen, Guemati, and Perez-Roman, 1948: 769-772"
Caribbean,Island Carib,ST13,Primarily hunter-gatherers,NA,NA,NA,boys of 4-5,early childhood,NA,NA,Adulthood,1,Vertical,father,Kin-based,training,NA,NA,"basketry, making canoes",NA,NA,restricted to men,gendered skill,"Rouse, 1948: 57-58"
Caribbean,Island Carib,ST13,Primarily hunter-gatherers,NA,NA,NA,girls,NA,NA,NA,Adulthood,1,Vertical,mother,Kin-based,NA,NA,NA,"cotton weaving, hammock making",NA,NA,restricted to women,gendered skill,"Rouse, 1948: 57-58"
Caribbean,Island Carib,ST13,Primarily hunter-gatherers,1974-1975,NA,NA,boys of 4-5,early childhood,NA,NA,Adulthood,1,Vertical,father,Kin-based,training,NA,NA,making weapons and other implements,NA,NA,restricted to men,gendered skill,"Layng, 1983: 26-27"
Caribbean,Island Carib,ST13,Primarily hunter-gatherers,1974-1975,NA,NA,girls,NA,NA,NA,Adulthood,1,Vertical,mother,Kin-based,NA,NA,NA,pottery making,NA,NA,restricted to women,gendered skill,"Layng, 1983: 26-27"
Central America,Garifuna,SA12,Horticulturalists,1956-1957,NA,NA,boys after 10,middle childhood,1,NA,Adulthood,1,Vertical,father,Kin-based,teach,NA,NA,canoe and net making,NA,NA,restricted to men,NA,"González, 1969: 48"
Central America,Kuna,SB05,Horticulturalists,1680-1681,NA,NA,boys,NA,NA,NA,NA,NA,NA,NA,NA,NA,NA,NA,basket making,NA,NA,restricted to men,NA,"Wafer, 1934: 95"
Central America,Kuna,SB05,Horticulturalists,Ca. 1968-1970s,NA,NA,children from an early age,NA,NA,NA,Adulthood,2,Vertical,parents,Kin-based,participation,NA,NA,mola (textile) making,NA,NA,NA,NA,"Sherzer, 1983: 223"
Central Mexico,Nahua,NU46,Other subsistence combinations,1943-1948,NA,NA,NA,NA,NA,NA,Adulthood,1,Vertical,father,Kin-based,NA,NA,NA,"carpentry, masonry, and shoemaking",NA,NA,restricted to sons,The sexual division of labor is relatively strict,"Lewis, 1951: 98"
Central Mexico,Zapotec,NU44,Horticulturalists,1965-1967,"residence lot, street corner, quarry",mixed,17.5,adulthood,6-May,NA,Adulthood,1 or more,Vertical/Oblique,"father, brothers, unrelated individuals",Kin-based,Apprenticeship,NA,NA,metate making,stone,NA,restricted to men?,The social status and hiearchy is clearly described.,"Cook, 1979: 189-191"
Central Mexico,Zapotec,NU44,Horticulturalists,1966-1967,NA,NA,men,NA,NA,NA,Adulthood,NA,NA,Kins and non-kins,Kin-based/Success-based,Apprenticeship,NA,NA,weaving,fiber,NA,NA,"Of 105 men who stated they knew how to weave, 74.3% said they learned from a relative and 25.7% learned from a non-relative.","Vargas-Barón, 1979: 96"
Maya Area,Mam Maya,NW08,Horticulturalists,1937,NA,NA,girl of 9,middle childhood,1,NA,Adulthood,1,Vertical,mother,Kin-based,imitation and experimenting,NA,NA,weaving,NA,NA,restricted to women,NA,"Wagley, 1949: 34"
Maya Area,Maya (Yucatan Peninsula),NV10,Horticulturalists,1963-1968,NA,NA,5-Apr,early childhood,NA,NA,NA,NA,NA,NA,NA,NA,NA,NA,weaving,fiber,NA,no gender restriction,No gender restrictions when they are kids,"Press, 1975: 93-94"
Maya Area,Maya (Yucatan Peninsula),NV10,Horticulturalists,1963-1968,NA,NA,girls 8-9,middle childhood,NA,NA,NA,NA,NA,NA,NA,NA,NA,NA,cloth making,NA,NA,NA,by 15 they become very good at it,"Press, 1975: 93-94; Elmendorf, 1976: 95"
Maya Area,Quiché Maya,NW10,Intensive agriculturalist,1930-1932,NA,NA,girl,NA,NA,NA,Adulthood,1,Oblique,grandmother,Sucess-based,NA,NA,NA,weaving,NA,NA,restricted to women,The success-based exceeds the kin-basd bias here,"Bunzel, 1952: 106-107"
Maya Area,Tzeltal,NV09,Horticulturalists,"1957-1958, 1965-1967",NA,NA,11,middle childhood,NA,NA,Adulthood,1,Vertical/Oblique,"mother, mother-in-law",Kin-based,emulation+explicit instruction,NA,NA,pottery making,clay,NA,restricted to women,gendered skills. Men are mostly responsible for selling potteries. Very lingustic segmentation of technological detail.,"Nash, 1970: 55-56, 274-275; Hunt, 1962: 168"
Maya Area,Tzeltal,NV09,Horticulturalists,NA,NA,NA,girl of 6 or 7,early childhood,NA,NA,Adulthood,1,Vertical,mother,Kin-based,NA,NA,NA,weaving,NA,NA,restricted to women,gendered skill,"Stross, 1971: 65-66"
Maya Area,Tzeltal,NV09,Horticulturalists,NA,NA,NA,boys of 6 or 7,early childhood,NA,NA,Adulthood,1,Vertical,father,Kin-based,taught,NA,NA,net bag making,fiber,NA,restricted to men,gendered skill,"Stross, 1971: 65-66"
Maya Area,Tzeltal,NV09,Horticulturalists,NA,NA,NA,preadolescent girls,middle childhood,NA,NA,Adulthood,1,Vertical,mother,Kin-based,taught,NA,NA,sewing,NA,NA,restricted to women,NA,"Hunt, 1962: 94"
Middle East,Lur,MA12,Agro-pastoralists,1965-1985,NA,NA,girl,NA,NA,NA,Adulthood,1,Vertical,mother,Kin-based,teach,NA,NA,"to card wool, to spin, to sew, to weave",NA,NA,NA,Parvane is Atri's daughter,"Friedl, 1989: 204"
Arctic and Subarctic,Aleut,NA06,Hunter-gatherers,1987-1990,NA,NA,Young women,NA,NA,NA,Adulthood,1,Vertical,mother,Kin-based,instructed,NA,NA,"make any kind of clothing, to embroider designs with the hair of animals, to weave carpets [mats] and baskets",NA,NA,restricted to women?,gendered skills,"Petrivelli et al., 1992: 440-441; Lantis, 1970: 196"
Arctic and Subarctic,Aleut,NA06,Hunter-gatherers,1933-1934,NA,NA,8-Jun,early childhood,NA,NA,Adulthood,1,Oblique,maternal uncle,Kin-based,"instructed, emulaton",NA,NA,baidarkas (canoe) making,wood,NA,restricted to men?,It was also mentioned that they used penis bone as flaker in stone knapping? managed to make their own boat reaching 16-17,"Petrivelli et al., 1992: 440-441; Lantis, 1970: 196; Langsdorff, 1817: 340; Laughlin, 1980: 30-31"
Arctic and Subarctic,Alutiq,NA10,Hunter-gatherers,1931-1936,NA,NA,from the earliest age/<5 or 6,infancy,NA,NA,Adulthood,1,Vertical,father,Kin-based,NA,NA,NA,"boat making, making bows and arrows",NA,NA,restrcited to men,gendered skills,"Hrdlicka, 1975: 79"
Arctic and Subarctic,Alutiq,NA10,Hunter-gatherers,1931-1936,NA,NA,NA,NA,NA,NA,Adulthood,NA,NA,NA,NA,taught,NA,NA,"sew, make designs, embroider bags, braid cords, weave hats, mats; make containers or buckets",NA,NA,restricted to women,gendered skills,"Hrdlicka, 1975: 79"
Arctic and Subarctic,Chipewyans,ND07,Hunter-gatherers,1975-1976,NA,NA,15,adolescence,1,71,Adulthood,2,Vertical,"Adopted-father, Adopted-mother",Kin-based,Observation and some advice,NA,NA,snowshoe making,NA,NA,NA,The learner's adopted mother is not the model but gave advice,"Irimoto, 1981: 143"
Arctic and Subarctic,Chipewyans,ND07,Hunter-gatherers,1971-1979,trapline,outdoor field,NA,NA,NA,NA,Adulthood,1 or more,Vertical/Oblique,"father, brothers",Kin-based,Apprenticeship,NA,NA,trap making,NA,NA,NA,Wife as assistant is allowed by rare,"Jarvenpa, 1980: 146-147"
Arctic and Subarctic,Chipewyans,ND07,Hunter-gatherers,NA,NA,NA,boys,NA,NA,NA,NA,NA,NA,NA,NA,taught,NA,NA,bow and arrow making,NA,NA,NA,NA,"Li and Scollon, 1976: 6"
Arctic and Subarctic,Chipewyans,ND07,Hunter-gatherers,NA,NA,NA,boys,NA,NA,NA,NA,NA,NA,NA,NA,taught,NA,NA,net and trap making,NA,NA,NA,NA,"Li and Scollon, 1976: 6"
Arctic and Subarctic,Copper Inuit,ND08,Hunter-gatherers,1913-1916,NA,NA,girl,NA,NA,NA,Adulthood,1,Vertical,mother,Kin-based,train,NA,NA,cloth making,NA,NA,no gender restriction,step-wise learning process ,"Jenness, 1946: 87"
Arctic and Subarctic,Eyak,NA07,Hunter-gatherers,"1930, 1933, 1935",special hut,indoor,girls in puberty,middle childhood,NA,NA,Adulthood,>1,Vertical/Oblique,mother or other old women,Kin-based,teach,NA,NA,sewing and basket making,NA,NA,NA,NA,"Birket-Smith and De Laguna, 1938: 156-157"
Arctic and Subarctic,Innu,NH06,Hunter-gatherers,1935,family tent,indoor,girl,NA,NA,NA,Adulthood,2,Vertical,parents,Kin-based,teaching,NA,NA,"the manufacture of moccasins birch-bark baskets and rabbit-skin blankets and the techniques of netting, needlework, and other handicraft reserved for the feminine sex",NA,NA,restricted to women,five to six boys share a teacher who teaches history of the tribe,"Lips, 1947: 414"
Arctic and Subarctic,Innu,NH06,Hunter-gatherers,1935,NA,NA,boys at a very tender age,NA,NA,NA,Adulthood,1,Vertical/Oblique,"father, other old men",Kin-based,teaching,NA,NA,the manufacture of the tools for his material necessities,NA,NA,NA,NA,"Lips, 1947: 413-414"
Arctic and Subarctic,Kaska,ND12,Hunter-gatherers,1943-1945,NA,NA,8,middle childhood,NA,NA,Adulthood and older brothers,1 or more,Vertical/Oblique,"father, brothers",Kin-based,Observation and assistance,NA,NA,"manufacture implements, vehicles, buildings, and tools",NA,NA,restricted to men?,girls learn things earlier than boys.,"Honigmann and Bennett, 1949: 185-186"
Arctic and Subarctic,Kaska,ND12,Hunter-gatherers,"1912, 1915",lodge,indoor,puberty/isolation,middle childhood,NA,NA,Adulthood,1 or more,Vertical/Oblique,"mother, other female relatives and neighbors",Kin-based,instruction,NA,NA,"sewing and embroidery, to make moccasins, do netting, fill snowshoes",NA,NA,restricted to women,men are not allowed to approach to girls at this stage,"Teit and Helm, 1956: 115-119"
Arctic and Subarctic,Ojibwa,NG06,Hunter-gatherers,1938,NA,NA,after puberty rites,NA,NA,NA,Adulthood,1 or more,Vertical/Oblique,"father, other older men",Kin-based?,helping,NA,NA,bow and arrows,NA,NA,restrcited to men,gendered skills,"Hilger, 1939: 101-102"
Arctic and Subarctic,Ojibwa,NG06,Hunter-gatherers,1938,NA,NA,after puberty rites,NA,NA,NA,Adulthood,1,Vertical,mother,Kin-based,"teaching, making minature",NA,NA,"making wigwams, mats, and birch-bark vessels and beadwork",NA,NA,restricted to women,gendered skills,"Hilger, 1939: 101-102; Densmore, 1929: 60-61; Hilger, 1951: 56"
Arctic and Subarctic,Ojibwa,NG06,Hunter-gatherers,1932-1940,NA,NA,little girls,NA,NA,NA,Adulthood,1,Oblique,non-related individual,Success-based,NA,NA,NA,hidework,NA,NA,restricted to women,gendered skill,"Hilger, 1951, 55"
Arctic and Subarctic,Ojibwa,NG06,Hunter-gatherers,1905-1925,NA,NA,NA,NA,NA,NA,Adulthood,1,Oblique,grandmother,Kin-based,NA,NA,NA,weaving and other handiwork,NA,NA,NA,The learner also absorbed design oriniated from her mother ,"Densmore, 1929: 190"
Arctic and Subarctic,Ojibwa,NG06,Hunter-gatherers,NA,NA,NA,little girl before 10,middle childhood,NA,NA,Adulthood,3,Oblique,great-grandparents and grandfather,Kin-based,NA,NA,NA,"how to make fish nets, moccasins, mitts, leather jackets",NA,NA,NA,"The ""parents"" refer to grandfather and great grandmother","Theriault, 1992: 18; Hilger, 1951, 55"
Arctic and Subarctic,Ojibwa,NG06,Hunter-gatherers,Ca. 1932,NA,NA,boy,NA,NA,NA,Adulthood,2,Vertical,parents,Kin-based,teach,NA,NA,trap making,NA,NA,no gender restriction,The learner's mother taught simpler traps and his father taught more complex ones ,"Landes, 1938: 12; Landes, 1937: 118-119"
Arctic and Subarctic,Ojibwa,NG06,Hunter-gatherers,Ca. 1932,NA,NA,girls,NA,NA,NA,Adulthood,2,Vertical/Oblique,"mother, grandmotehr",Kin-based,teach,NA,NA,hidework,NA,NA,restricted to women,gendered skill,"Landes, 1938: 15-16"
Arctic and Subarctic,Ojibwa,NG06,Hunter-gatherers,1929,NA,NA,girls at 7,early childhood,NA,NA,Adulthood,>1,Vertical/Oblique,"parents, grandparents",Kin-based,taught,NA,NA,"sewing, mat making, and basket making",NA,NA,restricted to women,NA,"Jennes, 1935: 94"
Arctic and Subarctic,Western Woods Cree,NG08,Hunter-gatherers,"1938, 1940",NA,NA,girls before puberty,NA,NA,NA,Adulthood,1,Vertical,mother,Kin-based,show,NA,NA,cloth making,NA,NA,restricted to men,NA,"Mason, 1967: 47-48"
Eastern Woodlands,Cherokee,NN08,Other subsistence combinations,1951,NA,NA,NA,NA,NA,NA,Adulthood,1,Oblique,"brothers, uncle-nephew",Kin-based/Success-based,NA,NA,NA,Woodcarving,NA,NA,NA,The model has also demonstrated and trained a larger pool of learner,"Leftwich, 1986: 99-100"
Eastern Woodlands,Cherokee,NN08,Other subsistence combinations,1932,NA,NA,boys of 4 or 5,early childhood,NA,NA,Adulthood and older brothers,2,Vertical/Horizontal,"father, older brother",Kin-based,supervision,NA,NA,bow and arrow making,NA,NA,restricted to men,gendered skills,"Gilbert, 1978: 255"
Eastern Woodlands,Cherokee,NN08,Other subsistence combinations,1932,NA,NA,girls of 4 or 5,early childhood,NA,NA,NA,NA,NA,NA,NA,taught,NA,NA,basketery,NA,NA,restricted to women,Leftwich mentioned an interviewee started to make her basket starting from 10,"Gilbert, 1978: 255; Leftwich, 1986: 2"
Eastern Woodlands,Cherokee,NN08,Other subsistence combinations,1932,NA,NA,girls of 4 or 5,early childhood,NA,NA,NA,NA,NA,NA,NA,taught,NA,NA,pottery making,NA,NA,restricted to women,gendered skills,"Gilbert, 1978: 255"
Eastern Woodlands,Cherokee,NN08,Other subsistence combinations,NA,NA,NA,girls when very young,NA,NA,NA,NA,>1,Vertical/Oblique,"mother, female clan members",Kin-based,taught,NA,NA,cloth making,NA,NA,restricted to women,gendered skills,"Fox, 2003: 357; Wahnenauhi and Kilpatrick, 1966: 190"
Eastern Woodlands,Cherokee,NN08,Other subsistence combinations,NA,NA,NA,children during adolescence,adolescence,NA,NA,Adulthood,>1,Vertical/Oblique,immediate adult famility members,Kin-based,apprenticeship,NA,NA,"Pottery, basketry, blowgun making, and tanning",NA,NA,NA,NA,"French et al., 1981: 13"
Eastern Woodlands,Delaware,NM07,Primarily hunter-gatherers,1938,NA,NA,girls at an early age,NA,NA,NA,Adulthood,NA,Vertical/Oblique,Parents or other elders,Kin-based,instructed,NA,NA,pottery making and basketry,NA,NA,restricted to owmen,NA,"Kinietz, 1946: 45-46"
Eastern Woodlands,Fox,NP05,Other subsistence combinations,1937,NA,NA,boys of 12,middle childhood,NA,NA,Adulthood,1,Vertical,father,Kin-based,instruct,NA,NA,manufacture,NA,NA,restrcited to men,gendered skills,"Joffe, 1963: 268-269"
Eastern Woodlands,Fox,NP05,Other subsistence combinations,1937,NA,NA,girls of 12,middle childhood,NA,NA,Adulthood,1,Vertical,mother,Kin-based,taught,NA,NA,make moccasins and house mats,NA,NA,restricted to women,gendered skills,"Joffe, 1963: 268-269; Michelson, 1925: 84"
Eastern Woodlands,Fox,NP05,Other subsistence combinations,1937,NA,NA,girls of 15,adolescence,NA,NA,Adulthood,1,Vertical,mother,Kin-based,NA,NA,NA,ribbon appliqué making,NA,NA,restricted to women,gendered skills,"Joffe, 1963: 268-269"
Eastern Woodlands,Fox,NP05,Other subsistence combinations,1911-1921,NA,NA,girls,NA,NA,NA,Adulthood,2,Vertical,parents,Kin-based,teach,NA,NA,sack (cloth) making,NA,NA,restrcited to men,"gendered skills. Michelson only mentioend parents, and mother is narrowed down through Joffe 1963","Michelson, 1925: 84; Joffe, 1963: 268-269"
Eastern Woodlands,Fox,NP05,Other subsistence combinations,1911-1921,NA,NA,girls of 15,adolescence,NA,NA,Adulthood,1,Vertical,parents (mother),Kin-based,teach,NA,NA,beadwork,NA,NA,restricted to women,"gendered skills. Michelson only mentioend parents, and mother is narrowed down through Joffe 1963","Michelson, 1925: 84; Joffe, 1963: 268-269"
Eastern Woodlands,Fox,NP05,Other subsistence combinations,1897-1904,NA,NA,girls,NA,NA,NA,NA,NA,NA,NA,NA,NA,NA,NA,sewing,NA,NA,restricted to women,They learned sewing by making cloth for dolls,"Jones, 1939: 112"
Eastern Woodlands,Huron/Wendat,NG05,Other subsistence combinations,NA,NA,NA,girls,NA,NA,NA,NA,NA,NA,NA,NA,taught,NA,NA,pottery making,NA,NA,restricted to women,gendered skill,"Heidenreich, 1978: 383"
Eastern Woodlands,Mi'kmaq,NJ05,Hunter-gatherers,"1911-1912, 1950",NA,NA,boys,NA,NA,NA,Adulthood,1,Oblique,grandfather,Kin-based,teach,NA,NA,Indian wares (pottery) making,NA,NA,NA,NA,"Wallis, 1953: 121"
Eastern Woodlands,Mi'kmaq,NJ05,Hunter-gatherers,NA,NA,NA,young girls ,NA,NA,NA,Adulthood,1,Vertical,mother,Kin-based,helping,NA,NA,"processing skins, making clothing, and fashioning bark containers",NA,NA,restricted to women,gendered skill,"Bock, 1978: 113-114"
Eastern Woodlands,Natchez,NO08,Other subsistence combinations,NA,NA,NA,girls of 12,middle childhood,NA,NA,NA,NA,NA,mother,Kin-based,NA,NA,NA,pottery making,clay,NA,restricted to women,NA,"Lorentz, 2020: 10"
Eastern Woodlands,Natchez,NO08,Other subsistence combinations,NA,NA,NA,boys of 12,middle childhood,NA,NA,NA,NA,NA,father-son,Kin-based,NA,NA,NA,tools and weapons,NA,NA,restricted to men,NA,"Lorentz, 2020: 10"
Eastern Woodlands,Seminole,NN16,Horticulturalists,1963-1965,NA,NA,girls,NA,NA,NA,Adulthood,1,Vertical,mother,Kin-based,teach,NA,NA,sewing,NA,NA,restricted to women,gendered skill,"Garbarino, 1972: 72; Garbarino, 1989: 40"
Northwest Coast and California,Chinookans Of The Lower Columbia River,NR06,Hunter-gatherers,"1931, 1936",creek,outdoor field,boys,NA,NA,NA,boys,1 or more,Horizontal,playmates,Familiarity-based,play,NA,NA,canoe making,wood,NA,NA,NA,"Ray, 1938: 97"
Northwest Coast and California,Haida,NE09,Hunter-gatherers,1932,NA,NA,boys before 10,NA,NA,NA,Adulthood,1,Vertical,father,Kin-based,imitation and instruction,NA,NA,handicrafts,NA,NA,NA,NA,"Murdock, 1934: 361"
Northwest Coast and California,Haida,NE09,Hunter-gatherers,1932,NA,NA,girls before marriage,NA,NA,NA,Adulthood,1,Vertical,mother,Kin-based,imitation and helping,NA,NA,making mats and baskets,NA,NA,restricted to women,gendered skill,"Murdock, 1934: 359-360; Blackman and Davidson, 1982: 128"
Northwest Coast and California,Nuu-Chah-Nulth,NE11,Hunter-gatherers,1972-1974,library,indoor,children,NA,NA,NA,NA,NA,Vertical/Oblique,"father, uncle",Kin-based,Observation,NA,NA,woodcarving,wood,NA,NA,they learned their techniques as children but went to libraries to improve their understanding of arts,"Kenyon, 1980: 82"
Northwest Coast and California,Nuxalk,NE06,Hunter-gatherers,1922-1924,NA,NA,girls,NA,NA,NA,Adulthood,1,Vertical,mother,Kin-based,teach,NA,NA,making basket,NA,NA,restricted to women,NA,"McIlwraith, 1948: 143"
Northwest Coast and California,Pomo,NS18,Hunter-gatherers,1966-1968,menstrual hut,indoor,girls at their first menstruation,middle childhood,NA,NA,NA,NA,NA,NA,NA,taught,NA,NA,basket making,NA,NA,NA,NA,"Theodoratus, 1971: 343-344"
Northwest Coast and California,Quinault,NR17,Hunter-gatherers,NA,house,indoor,NA,NA,NA,NA,Adulthoods and older children,1 or more,Vertical/Oblique,many adults and older children,Kin-based,NA,NA,NA,"basket weaving, tool making, blanket weaving, carving",NA,NA,NA,The average house had from two to six or more related families and their slaves as permanent residents. ,"Storm and Capoeman, 1990: 54"
Northwest Coast and California,Quinault,NR17,Hunter-gatherers,NA,NA,NA,girls before 12 or 13,middle childhood,NA,NA,NA,NA,NA,NA,NA,NA,NA,NA,basket making,NA,NA,restircted to women,NA,"Storm and Capoeman, 1990: 127"
Northwest Coast and California,Quinault,NR17,Hunter-gatherers,NA,NA,NA,boys during childhood,NA,NA,NA,NA,NA,NA,NA,NA,NA,NA,NA,"canoe building, carving, carpentry",NA,NA,restricted to men,Boys who show these talents will be carefully watched,"Storm and Capoeman, 1990: 127"
Northwest Coast and California,Southern Coast Salish,NR26,Hunter-gatherers,1935-1936,NA,NA,little girls,NA,NA,NA,NA,NA,NA,NA,NA,NA,NA,NA,basket making,NA,NA,restricted to women,"All little girls learned to make it, but only those who are good at it will engage in its production in their later life; They made a lot of basket during first mensturation seclusion but not for skill training per se ","Smith, 1940: 305-306; Elmendorf, 1960: 442"
Northwest Coast and California,Tillamook,NR21,Hunter-gatherers,"1956-1958, 1970",NA,NA,second critical period/an early age,NA,NA,NA,NA,NA,NA,NA,NA,NA,NA,NA,"Model canoes, small bows and arrows, miniature war clubs of whale bone, and diminutive fish spears",NA,NA,restricted to men,boys' training emphasize courage,"Sauter and Johnson, 1974: 32-34"
Northwest Coast and California,Tillamook,NR21,Hunter-gatherers,"1956-1958, 1970",NA,NA,second critical period/an early age,NA,NA,NA,NA,NA,NA,NA,NA,NA,NA,NA,"mammal bone tools, basket weaving",NA,NA,restricted to women,girls' training emphasize perseverance,"Sauter and Johnson, 1974: 32-34; Skoggard, 2022: 4"
Northwest Coast and California,Tillamook,NR21,Hunter-gatherers,1933-1934,NA,NA,girls of 12,middle childhood,NA,NA,Adulthood,1,Vertical,mother,Kin-based,NA,NA,NA,basket making,NA,NA,restricted to women,NA,"Jacob, 2003: 132"
Northwest Coast and California,Tillamook,NR21,Hunter-gatherers,1933-1934,NA,NA,little boys,NA,NA,NA,NA,NA,NA,NA,NA,individual learning,NA,NA,diminutive bows and arrows,NA,NA,restricted to men,NA,"Jacob, 2003: 133"
Northwest Coast and California,Tlingit,NA12,Hunter-gatherers,NA,NA,NA,girls,NA,NA,NA,NA,NA,NA,NA,NA,taught,NA,NA,"to sew, to bead and embroider blankets and moccasins, and to piece squirrel-skins into large handsome cloaks",NA,NA,restricted to girls,NA,"Knapp and Dorr, 1896: 72-73"
Northwest Coast and California,Yokuts,NS29,Hunter-gatherers,1925-1930,NA,NA,boys of 10 or 11,middle childhood,NA,NA,Adulthood,1,Vertical,father,Kin-based,showing,NA,NA,bow and arrow making,NA,NA,restricted to men,gendered skill,"Gayton, 1948: 194"
Northwest Coast and California,Yokuts,NS29,Hunter-gatherers,1925-1930,NA,NA,girls of 10,middle childhood,NA,NA,Adulthood,1,Vertical,mother,Kin-based,NA,NA,NA,basket making,NA,NA,restricted to women,gendered skill,"Gayton, 1948: 194"
Northwest Coast and California,Yuki,NS30,Hunter-gatherers,1937,NA,NA,girls of puberty,middle childhood,NA,NA,NA,NA,NA,NA,NA,imitation,NA,NA,basket making,NA,NA,NA,a well-crafted basket is given to girls as a model to learn,"Foster, 1944: 231"
Northwest Coast and California,Yuki,NS30,Hunter-gatherers,1937,NA,NA,boys from 8-16,middle childhood,NA,NA,NA,NA,Oblique,Elder,Prestige-based,instruction,NA,NA,making of feather capes and headdresses,NA,NA,restricted to men,NA,"Foster, 1944: 210-211"
Plains and Plateau,Assiniboine,NF04,Hunter-gatherers,1850s,NA,NA,infancy,infancy,1,NA,Adulthood,1,Vertical,mother,Kin-based,demonstration,NA,NA,making small moccasins,NA,NA,restricted to women,NA,"Denig and Hewitt, 1930: 520"
Plains and Plateau,Assiniboine,NF04,Hunter-gatherers,NA,NA,NA,girls,NA,NA,NA,Adulthood,1,Vertical,mother,Kin-based,taught,NA,NA,cloth making,NA,NA,restricted to women,NA,"Miller, 2002: 7"
Plains and Plateau,Blackfoot,NF06,Hunter-gatherers,1941-1944,NA,NA,Girls or young women,NA,NA,Older women,Adulthood,NA,Vertical/Oblique,Older women-young women/girls,NA,teaching,NA,NA,quillwork,NA,NA,restricted to women,Quillwork is perceived as a scacred craft by local people,"Ewers,1945: 29"
Plains and Plateau,Blackfoot,NF06,Hunter-gatherers,1941-1951,NA,NA,NA,NA,NA,NA,Adulthood,2,Vertical,"father, mother",Kin-based,NA,NA,NA,pipe making,stone,NA,NA,The learner absorbed different knowledge from different models and make her innovations,"Ewers, 1963: 49"
Plains and Plateau,Blackfoot,NF06,Hunter-gatherers,1941-1951,NA,NA,boy,NA,NA,Older men,Adulthood,4,Vertical/Oblique,grandfather and other older men,Kin-based/Success-based,watching,NA,NA,pipe making,NA,NA,NA,The learner's father does not known how to make pipes,"Ewers, 1963: 46"
Plains and Plateau,Blackfoot,NF06,Hunter-gatherers,1941-1951,NA,NA,boys,NA,NA,NA,Adulthood,1,Vertical,father,Kin-based,taught,NA,NA,bow and arrow making,NA,NA,restricted to men,miniature bow and arrow making. gendered skill,"Ewers, 1958: 102-103"
Plains and Plateau,Blackfoot,NF06,Hunter-gatherers,NA,NA,NA,little girl,NA,NA,grandmother,Adulthood,1,Vertical,grandmother,Kin-based,taught,NA,NA,"beadwork, tipi (tent) furnishing and equipment",NA,NA,NA,NA,"Hungry Wolf, 1980: 55-56"
Plains and Plateau,Blackfoot,NF06,Hunter-gatherers,1896-1910,NA,NA,girls during childhood,NA,NA,NA,Adulthood,1,Vertical,mother,Kin-based,conscientiously training,NA,NA,"the tanning of hides and coverting them into clothes and shelter, the making of and travois",NA,NA,restricted to women,NA,"McClintock, 1968: 235-236; Wissler, 1911: 30"
Plains and Plateau,Blackfoot,NF06,Hunter-gatherers,1941-1951,NA,NA,girls,NA,NA,NA,Adulthood,>1,Vertical/Oblique,"mother, grandmothers",Kin-based,"imitation, play, instructions",NA,NA,"cloth making, geometric painting, porcupine quillwork, and beadwork",NA,NA,restricted to women,NA,"Ewers, 1958: 102-103"
Plains and Plateau,Comanche,NO06,Hunter-gatherers,"1933, 1945",NA,NA,boy of 5-6,early childhood,NA,grandfather,Adulthood,1,Oblique,grandfather,Kin-based,teach,NA,NA,bow and arrow making,NA,NA,NA,Their fathers are busy with wars and hunting,"Wallace and Hoebel, 1952: 126-127"
Plains and Plateau,Comanche,NO06,Hunter-gatherers,"1933, 1945",NA,NA,girls of 12,middle childhood,NA,NA,NA,NA,NA,NA,NA,NA,NA,NA,moccasins making,NA,NA,restricted to women,gendered skill,"Wallace and Hoebel, 1952: 125"
Plains and Plateau,Crow,NQ10,Hunter-gatherers,1833-1856,NA,NA,girls,NA,NA,NA,NA,NA,NA,NA,NA,taught,NA,NA,"moccasins making, beadwork, cloth making",NA,NA,restricted to women,gendered skill,"Denig and Ewers, 1961: 187-188"
Plains and Plateau,Gros Ventre,NQ13,Hunter-gatherers,1938-1948,NA,NA,girls,NA,NA,NA,Adulthood,2,Vertical/Oblique,"mother, grandmother",Kin-based,NA,NA,NA,"hide making, moccasins making, cloth making, parfleshes (skin container) making",NA,NA,restricted to women,gendered skill,"Flannery, 1953: 159-160"
Plains and Plateau,Klamath,NR10,Hunter-gatherers,1947,NA,NA,girls in early childhood,early childhood,NA,NA,Adulthood,2,Vertical/Oblique,"mother, grandmother",Kin-based,help and work together,NA,NA,mat weaving,fiber,NA,restricted to women,Gendered skill,"Pearsall, 1950: 349-350"
Plains and Plateau,Klamath,NR10,Hunter-gatherers,1947,NA,NA,girls in late childhood,middle childhood,NA,NA,Adulthood,2,Vertical/Oblique,"mother, grandmother",Kin-based,help and work together,NA,NA,basket making,fiber,NA,restricted to women,Gendered skill,"Pearsall, 1950: 349-350"
Plains and Plateau,Klamath,NR10,Hunter-gatherers,1947,NA,NA,girls before or after marriage,adolescence,NA,NA,Adulthood,2,Vertical/Oblique,"mother, grandmother",Kin-based,help and work together,NA,NA,cloth making,leather,Difficult,restricted to women,Gendered skill. Hides are much more valuable compared with fiber,"Pearsall, 1950: 349-350"
Plains and Plateau,Klamath,NR10,Hunter-gatherers,1947,NA,NA,boys,NA,NA,NA,NA,NA,NA,NA,NA,NA,NA,NA,willow dart making,NA,NA,restricted to men,Gendered skill,"Pearsall, 1950: 347a"
Plains and Plateau,Kutenai,NF08,Hunter-gatherers,1939-1940,NA,NA,boys of 10,middle childhood,NA,NA,Adulthood,>1,Vertical/Oblique,"father, uncles",Kin-based,NA,NA,NA,bow and arrow making,NA,NA,restricted to men,gendered skill,"Turney-High, 1941: 117"
Plains and Plateau,Omaha,NQ21,Primarily hunter-gatherers,1871-1881,NA,NA,girls of 8,middle childhood,NA,NA,Adulthood,1,Vertical,mother,Kin-based,NA,NA,NA,pack making,NA,NA,restricted to women,gendered skill,"Dorsey, 1884: 265-266"
Plains and Plateau,Pawnee,NQ18,Other subsistence combinations,1903-1907,NA,NA,boys,NA,NA,NA,Adulthood,1,Oblique,grandfather,Kin-based,instruction,NA,NA,bow and arrow making,NA,NA,restricted to men,NA,"Dorsey, Murie, and Spoehr, 1940: 94"
Southwest and Basin,Eastern Apache,NT08,Hunter-gatherers,1931-1937,NA,NA,boys,NA,NA,NA,Adulthood,1,Oblique,maternal grandfather,Kin-based,observation and helping,NA,NA,bow and arrow making,NA,NA,restricted to men,gendered skill,"Opler, 1941: 64"
Southwest and Basin,Eastern Apache,NT08,Hunter-gatherers,1931-1937,NA,NA,boys,NA,NA,NA,Adulthood,1,Oblique,maternal grandfather,Kin-based,observation and helping,NA,NA,rope making,NA,NA,restricted to men,gendered skill,"Opler, 1941: 64"
Southwest and Basin,Eastern Apache,NT08,Hunter-gatherers,1931-1937,NA,NA,girls old enough to understand,NA,NA,NA,Adulthood,1,Vertical/Oblique,"maternal grandmother, mother",Kin-based,observation and instruction,NA,NA,sewing (moccassins and cloth),NA,NA,restricted to women,gendered skill,"Opler, 1941: 28, 64, 76; Stockel, 1991: 18, 75-78"
Southwest and Basin,Eastern Apache,NT08,Hunter-gatherers,1931-1937,NA,NA,girls old enough to understand,NA,NA,NA,Adulthood,1,Vertical/Oblique,"maternal grandmother, mother",Kin-based,observation and instruction,NA,NA,basket weaving,NA,NA,restricted to women,gendered skill,"Opler, 1941: 28, 64, 76; Stockel, 1991: 18"
Southwest and Basin,Eastern Apache,NT08,Hunter-gatherers,1982-1989,NA,NA,young girls ,NA,NA,NA,Adulthood,1,Oblique,aunt,Kin-based,watching,NA,NA,beadwork,NA,NA,NA,NA,"Stockel, 1991: 114"
Southwest and Basin,Eastern Apache,NT08,Hunter-gatherers,1982-1989,NA,NA,young girls ,NA,NA,NA,Adulthood,1,Vertical,mother,Kin-based,NA,NA,NA,cradleboard making; doll making,NA,NA,NA,NA,"Stockel, 1991: 75-76"
Southwest and Basin,Havasupai,NT14,Other subsistence combinations,1918-1920,NA,NA,Girls 7-9,early childhood,NA,NA,NA,NA,NA,NA,NA,taught,NA,NA,basket making,fiber,NA,NA,NA,"Spier, 1928: 324"
Southwest and Basin,Havasupai,NT14,Other subsistence combinations,1918-1920,NA,NA,boys,NA,NA,Old men,Adulthood,>1,Oblique,old men,NA,showing,NA,NA,making garments and women's dress,NA,NA,NA,NA,"Spier, 1928: 322-323"
Southwest and Basin,Havasupai,NT14,Other subsistence combinations,1918-1920,NA,NA,boys,NA,NA,NA,Adulthood,1,Vertical,father,Kin-based,taught,NA,NA,bow and arrow making,NA,NA,NA,NA,"Spier, 1928: 322-323"
Southwest and Basin,Hopi,NT09,Intensive agriculturalist,1937-1938,NA,NA,Girls,NA,NA,NA,NA,1,Vertical,mother,Kin-based,"play, taught",NA,NA,pottery making,clay,NA,NA,Learning from peer potters and extended-kins also happen.,"Dennis, 1940: 50; Titiev, 1944: 20-21; Wyckoff, 1988: 286-287"
Southwest and Basin,Hopi,NT09,Intensive agriculturalist,1937-1938,NA,NA,Boys of 15,adolescence,NA,NA,NA,NA,NA,NA,NA,NA,NA,NA,weaving,fiber,NA,No gender restriction,"Boys usually already mastered weaving at this age, but when the learning begins was not mentioned. Also they have two initiations","Dennis, 1940: 85"
Southwest and Basin,Hopi,NT09,Intensive agriculturalist,1932-1940,NA,NA,girls,NA,NA,NA,NA,1,Vertical,mother,Kin-based,taught,NA,NA,weaving,NA,NA,No gender restriction,NA,"Titiev, 1944: 20-21"
Southwest and Basin,Hopi,NT09,Intensive agriculturalist,1893-1902,NA,NA,novice girls,NA,NA,NA,Adulthood,1,Vertical,mother,Kin-based,instruction,NA,NA,basket making,fiber,NA,NA,NA,"Voth, 1903: 36; Titiev, 1944: 20-21"
Southwest and Basin,Hopi,NT09,Intensive agriculturalist,1932-1940,NA,NA,girls of 15,adolescence,NA,NA,Adulthood,1,Vertical,mother,Kin-based,taught,NA,NA,plaque making,NA,NA,NA,NA,"Titiev, 1944: 20-21; Dennis, 1940: 85"
Southwest and Basin,Hopi,NT09,Intensive agriculturalist,1932-1940,NA,NA,boys of 6 or 7,early childhood,NA,NA,Adulthood,1,Vertical,father,Kin-based,taught,NA,NA,moccasins making and leather tanning,NA,NA,NA,The learning happened in winter times. And other paternal relatives with particular skills may also taught other crafts,"Beaglehole and Beaglehole, 1937: 20; Bradfield, 1973: 25"
Southwest and Basin,Hopi,NT09,Intensive agriculturalist,1890-1940,NA,NA,little boys,NA,NA,NA,NA,NA,NA,NA,NA,individual learning,NA,NA,trap making,horse hair,NA,NA,NA,"Talayesva and Simmons, 1942: 54-55"
Southwest and Basin,Maricopa,NT43,Primarily hunter-gatherers,1929-1932,NA,NA,girl of 5,early childhood,NA,NA,Adulthood,1,Vertical,Mother,Kin-based,imitation,NA,NA,pottery making,clay,NA,restrcited to women,NA,"Spier, 1933: 104; 323"
Southwest and Basin,Mescalero Apache,NT25,Hunter-gatherers,1958-1965,NA,NA,boys of 12,middle childhood,NA,NA,NA,NA,NA,NA,NA,taught,NA,NA,hunting and warring gear and ceremonial paraphernalia making,NA,NA,restricted to men,NA,"Boyer and Boyer, 1972: 60"
Southwest and Basin,Mescalero Apache,NT25,Hunter-gatherers,1931-1936,NA,NA,boys,NA,NA,NA,Adulthood,1,Oblique,chief,prestige-based,showing,NA,NA,"saddles, bows and arrows, ropes, quirts, head bonnets, shields",NA,NA,NA,NA,"Opler, 1969: 61-62"
Southwest and Basin,Navajo,NT13,Agro-pastoralists,1938,workshop,indoor,boy of 14,adolescence,NA,NA,Adulthood,1,Vertical/Oblique,"father, other relatives",Kin-based,Apprenticeship/observation,2 years or longer,NA,silversmith,silver,Difficult,no gender restriction,"In rare cases, it is possible to learn it from non-relative (2 out of 52). Women work as assistants in by grinding and polishing the turquoise, setting the stones. Other sources mentioned adults around 20 years old start formal learning. They do not like strangers watching when they work.","Adair, 1944: 87-91"
Southwest and Basin,Navajo,NT13,Agro-pastoralists,1963-1998,NA,NA,Boys,NA,NA,NA,NA,NA,NA,NA,NA,teaching,NA,NA,moccasin making,NA,NA,NA,NA,"Bailey, 1942: 232"
Southwest and Basin,Navajo,NT13,Agro-pastoralists,1963-1998,NA,NA,Girls before 10,middle childhood,NA,NA,Adulthood,NA,Vertical/Oblique,"mother, aunt, grandmother, older sisters, grandfather",Kin-based,"teaching and imitation, scaffolding",NA,NA,weaving,NA,NA,no gender restriction,"Respecting loom is part of the skill; every women know how to weave, but only a few of them know how to make fine rugs. Protracted learning. Children started to learn after they were old enough to herd the sheep and had learned to help wash the wool; children can learn from grandparent of different sex; model will make small version of loom to help learners learn weaving","Mitchell, 2001: 117, 170, 204; Bailey, 1942: 232; Shepardson and Hammond, 1970: 105-106; Mitchell, 1978: 157-158; Downs, 1972: 117"
Southwest and Basin,Navajo,NT13,Agro-pastoralists,1937-1938,NA,NA,Girls (5-6),early childhood,NA,NA,Adulthood,1,Vertical/Oblique,"grandmother, mother",Kin-based,"helping, imitation, correction",NA,NA,pottery and basket making,NA,NA,NA,Learning from grandmother instead of mother is more common; between 11-15 girls started the more formal learning process?,"Tschopik, 1941: 46-47"
Southwest and Basin,Navajo,NT13,Agro-pastoralists,1957-1975,hogan,indoor,NA,NA,2,NA,Adulthood,2,Oblique,grandparents,Kin-based,watching,NA,NA,pottery making,clay,NA,NA,"""man who shouts"" is the grandfather here. Learners are involved in every steps","Mitchell, 1978: 157-158; Hartman, Musial and Trimble, 1987: 11; Mitchell, 2001: 118"
Southwest and Basin,Navajo,NT13,Agro-pastoralists,1978-1979,NA,NA,NA,NA,NA,NA,Adulthood,NA,NA,relatives,Kin-based,"combination of watching, epxierment, teaching",NA,NA,sandpainting,NA,NA,no gender restrictions,"Their children usually learned to make sandpaintings by watching, while clan relatives or visitors were often shown the process more formally. Those people who began because of social obligations to the instructor tended to be taught more formally.","Parezo, 1982a: 78-79; Parezo, 1982b: 133"
Southwest and Basin,Navajo,NT13,Agro-pastoralists,1933-1958,NA,NA,boys of 13,adolescence,NA,NA,Adulthood,1,Vertical,father,Kin-based,NA,NA,NA,arrow making,NA,NA,NA,NA,"Kluckhohn, Hill, and Kluckhohn, 1971: 36"
Southwest and Basin,O'odham ,NU79,Other subsistence combinations,1931-1935,NA,NA,girls,NA,NA,NA,NA,NA,NA,NA,NA,NA,NA,NA,basket making,NA,NA,restricted to women,NA,"Underhill, 1939: 46"
Southwest and Basin,Tewa Pueblos,NT18,Intensive agriculturalist,1970-1972,house,indoor,Girls <10,middle childhood,NA,NA,Adulthood,1,Vertical/Oblique,"mother, grandmother, aunt",Kin-based,"teaching, experimenting, asking for help",NA,NA,pottery making,clay,NA,no gender restrictions,The teaching is indirect and loose in style. Girls reaching 10 will be pressured to learn to make potteries,"Jacobs, 1995: 73; Whitman and Whitman, 1947: 46-48"
Southwest and Basin,Tewa Pueblos,NT18,Intensive agriculturalist,1936-1939,NA,NA,boys <10,middle childhood,NA,NA,Adulthood,1,Vertical,father,Kin-based,showing ,NA,NA,moccasins making,NA,NA,NA,boys also learn how decorate the pottery,"Whitman and Whitman, 1947: 46-48"
Southwest and Basin,Ute,NT19,Hunter-gatherers,1936-1937,NA,NA,girls of 8-9,middle childhood,NA,NA,older siblings and Adulthood,>1,Horizontal/Vertical/Oblique,"older siblings, parents, parent's siblings, grandparents",Kin-based,imitation and formal instruction,NA,NA,"hide making, basket making, cloth making",NA,NA,NA,NA,"Opler, 1963: 131-132"
Southwest and Basin,Ute,NT19,Hunter-gatherers,1936-1937,NA,NA,boys,NA,NA,NA,NA,NA,NA,NA,NA,instruction,NA,NA,rope making,NA,NA,restricted to men,NA,"Opler, 1963: 131-132"
Southwest and Basin,Western Apache,NT21,Primarily hunter-gatherers,NA,NA,NA,Girls,NA,NA,NA,NA,>1,Horizontal,playmates,Familiarity-based,play,NA,NA,weaving,NA,NA,NA,NA,"Basso, 1983: 474"
Southwest and Basin,Western Apache,NT21,Primarily hunter-gatherers,NA,NA,NA,girls of 5 or 6,early childhood,NA,NA,Adulthood,2,Vertical/Oblique,"mother, grandmother",Kin-based,taught,NA,NA,basket making,fiber,NA,NA,NA,"Robert, 1929: 133, 142; Goodwin and Goodwin, 1942: 470-471"
Southwest and Basin,Western Apache,NT21,Primarily hunter-gatherers,1929-1969,NA,NA,boys of 9-11,middle childhood,NA,Oldest men,Adulthood,1,Oblique,old male relative,Kin-based/Success-based,NA,NA,NA,bow and arrow making,NA,NA,NA,NA,"Goodwin and Basso, 1971: 226; Goodwin and Goodwin, 1942: 470-471"
Southwest and Basin,Western Apache,NT21,Primarily hunter-gatherers,"1939, 1941, 1946-1948",NA,NA,boys,NA,NA,Old man,Adulthood,1,Oblique,NA,NA,NA,NA,NA,rock deadfall trap making,NA,NA,NA,NA,"Buskirk, 1986: 119"
Southwest and Basin,Western Apache,NT21,Primarily hunter-gatherers,1929-1940,NA,NA,boys of 15,adolescence,NA,NA,Adulthood,NA,NA,NA,NA,formal instruction,NA,NA,moccasins making,NA,NA,no gender restrictions,NA,"Goodwin and Goodwin, 1942: 470-471"
Southwest and Basin,Western Apache,NT21,Primarily hunter-gatherers,1929-1940,NA,NA,girls of 15,adolescence,NA,NA,Adulthood,NA,NA,NA,NA,formal instruction,NA,NA,moccasins making,NA,NA,no gender restrictions,NA,"Goodwin and Goodwin, 1942: 470-471"
Southwest and Basin,Western Apache,NT21,Primarily hunter-gatherers,1929-1940,NA,NA,girls during or 1 year before puberty,middle childhood,NA,NA,Adulthood,1,Vertical,mother,Kin-based,scaffolding and teaching,NA,NA,cloth making,NA,NA,NA,The pattern was marked on the buckskin and the girl told to cut along the lines so that she would make no mistake,"Goodwin and Goodwin, 1942: 470-471"
Southwest and Basin,Western Apache,NT21,Primarily hunter-gatherers,1929-1940,NA,NA,girls after first mensturation,middle childhood,NA,NA,Adulthood,1,Vertical,mother,Kin-based,"taught, imitation, practice",NA,NA,buckskin making,NA,NA,NA,NA,"Goodwin and Goodwin, 1942: 470-471"
Southwest and Basin,Zuni,NT23,Intensive agriculturalist,1979,NA,NA,NA,NA,NA,NA,NA,NA,NA,family member,Kin-based,NA,NA,NA,pottery making,clay,NA,NA,Nowadays community school also teach pottery making,"Hardin, 1989: 154"
Australia,Aranda,OI08,Hunter-gatherers,NA,NA,NA,Boys early in life,NA,NA,NA,NA,NA,NA,NA,NA,schooled,NA,NA,carpentary (domestic utensils and weapons),wood,NA,restricted to men?,NA,"Basedow, 1925: 85-86"
Australia,Tiwi,OI20,Hunter-gatherers,1928-1954,NA,NA,Young boys,NA,NA,NA,Older boys,>1,Horizontal,NA,NA,spending time together,NA,NA,spear and throwing stick making,wood,NA,restricted to men?,The learning process is reciprocal,"Hart, 1960: 49"
Australia,Tiwi,OI20,Hunter-gatherers,1928-1954,NA,NA,female children,NA,NA,NA,Ederly women,NA,Vertical/Oblique,family members in her own and her husband's household,Kin-based,NA,NA,NA,basket making,fiber,NA,restricted to women,Women laern from elderly women from her husband's household after marriage. Men are responsible for painting,"Hart, 1960: 49"
Melanesia,Kapauku,OJ29,Intensive agriculturalist,1954-1955,NA,NA,boy of 7,early childhood,NA,NA,Adulthood,NA,Vertical,father,Kin-based,teaching,NA,NA,"Making bows and arrows, rolling string on the thigh, making nets, roasting gourds for penis sheaths, polishing stone axes and stone knives, and chipping flint by percussion",NA,NA,restricted to men,"Before this age, they were raised in a mixed-gendered context","Pospisil, 1958: 40-41"
Melanesia,Kapauku,OJ29,Intensive agriculturalist,1954-1955,NA,NA,boys of 15,adolescence,NA,NA,Adulthood,NA,Vertical/horizontal,father,Kin-based,teaching,NA,NA,canoe making,NA,NA,restricted to men,The hunting skill is learnt through a combination of teaching and group practice with adolescence ganster,"Pospisil, 1958: 40-41"
Melanesia,Kapauku,OJ29,Intensive agriculturalist,1954-1955,NA,NA,little girl,NA,NA,NA,Adulthood,1,Vertical,mother,Kin-based,NA,NA,NA,making net with or without bone needle,NA,NA,restricted to women,NA,"Pospisil, 1958: 43"
Melanesia,Kapauku,OJ29,Intensive agriculturalist,1954-1955,NA,NA,young boys,NA,NA,NA,Older boys,NA,Horizontal,playmates,Familiarity-based,teach,NA,NA,net making,NA,NA,NA,NA,"Pospisil, 1958: 42"
Melanesia,Kwoma,OJ13,Other subsistence combinations,1936-1937,NA,NA,children-boy,NA,NA,NA,Adulthood,NA,Vertical,Parents,Kin-based,imitation and help,NA,NA,various utensils,NA,NA,NA,Boys help by fetching raw materials,"Whiting, 1941: 47-48"
Melanesia,Kwoma,OJ13,Other subsistence combinations,1936-1937,NA,NA,Girl before adolescence,NA,NA,NA,Adulthood,NA,Vertical,Parents,Kin-based,imitation,NA,NA,bag netting,NA,NA,NA,NA,"Whiting, 1941: 47-48"
Melanesia,Maleluka,OO12,Horticulturalists,1925-1927,the house of seclusion,outdoor field,boys during initation,NA,NA,NA,Adulthood,NA,Oblique,guardings during initations,NA,teach,NA,NA,panpipes (musical instruments) making,NA,NA,restricted to initated men,Fathers are also forbidden to make contacts with their son during the initaiton,"Deacon and Wedgwood, 1934: 250-253"
Melanesia,Manus,OM06,Hunter-gatherers,"1928-1929, 1953",NA,NA,children,NA,NA,NA,Adulthood,NA,Vertical/Oblique,NA,NA,watching,NA,NA,canoe building and making fishing devices,NA,NA,NA,The are not allowed to participate in these activities,"Mead, 1956: 115-116"
Melanesia,Manus,OM06,Hunter-gatherers,"1928-1929, 1953",NA,NA,betrothed girls,adolescence,NA,Older women,Adulthood,NA,Vertical/Oblique,NA,NA,NA,NA,NA,"string-making and bead-stringing, grass-skirt-making and mat-making",NA,NA,restrcited to women,gendered skill,"Mead, 1956: 115-116"
Melanesia,Manus,OM06,Hunter-gatherers,1928-1929,NA,NA,small boys,early childhood,NA,NA,Adulthood,1,Vertical,father,Kin-based,imitation,NA,NA,"whittling, bamboo torch making",NA,NA,NA,NA,"Mead, 1930: 46-47; Mead, 1956: 132"
Melanesia,Manus,OM06,Hunter-gatherers,1928-1929,NA,NA,small boys,NA,NA,NA,Adulthood,NA,Vertical/Oblique,NA,NA,playful imitation,NA,NA,wooden spear making,NA,NA,NA,NA,"Mead, 1930: 44-45; Mead, 1956: 131"
Melanesia,Manus,OM06,Hunter-gatherers,"1928-1929, 1953",NA,NA,small boys,NA,NA,NA,Adulthood,NA,Vertical/Oblique,NA,NA,practice beside model,NA,NA,basket making,NA,NA,NA,NA,"Mead, 1956: 366"
Melanesia,Siwai,ON19,Agro-pastoralists,1938-1939,NA,NA,child,NA,NA,NA,Adulthood,NA,Vertical/Oblique,parents and other relatives,Kin-based,"imitation, instruction",NA,NA,weaving,NA,NA,NA,NA,"Oliver, 1955: 191-192"
Melanesia,Siwai,ON19,Agro-pastoralists,1938-1939,NA,NA,child,NA,NA,NA,Adulthood,NA,Vertical/Oblique,parents and other relatives,Kin-based,"imitation, instruction",NA,NA,rope making,NA,NA,NA,NA,"Oliver, 1955: 191-192"
Melanesia,Tinputz,ON26,Other subsistence combinations,1929-1930,NA,NA,boys,NA,NA,NA,Adulthood,>1,Vertical/Oblique,Older men,NA,taught,NA,NA,canoe making,NA,NA,NA,NA,"Blackwood, 1935: 246"
Melanesia,Trobriands,OL06,Other subsistence combinations,"1973-1974, 1976",The veranda of the carver's hut,indoor,child after initation,NA,>1,NA,Adulthood,1,Oblique,Unrelated individuals,Success-based/prestige-based,apprenticeship,15-20 years,NA,carving,wood,NA,NA,Master plays favorisim,"Scoditti, 1989: 46-48"
Melanesia,Trobriands,OL06,Other subsistence combinations,NA,NA,NA,girls of 7,early childhood,NA,NA,NA,NA,NA,NA,NA,experimenting,NA,NA,cloth making,fiber,NA,restricted to women,gendered skill,"Weiner, 1976: 95; Silas, 1926: 154-155"
Melanesia,Trobriands,OL06,Other subsistence combinations,Ca. 1920,NA,NA,boys,NA,NA,NA,NA,NA,NA,NA,NA,"instruction, indivividual learning",NA,NA,canoe making,wood,NA,restricted to men,gendered skill. Children make faithful small toy replicas of canoes ,"Silas, 1926: 154-155; Austen, 1945: 194-195"
Melanesia,Trobriands,OL06,Other subsistence combinations,Ca. 1920,NA,NA,boys at an early age,NA,NA,Elders,Adulthood,NA,Vertical/Oblique,Elders,Sucess-based,instruction,NA,NA,net making,NA,NA,restricted to men,genered skill. The learning starts with the small verison,"Silas, 1926: 192"
Melanesia,Trobriands,OL06,Other subsistence combinations,1931-1935,NA,NA,boys of 11 or 12,middle childhood,NA,NA,Adulthood,NA,Vertical/Oblique,"father, uncle, unrelated individual",Kin-based/Success-based,teach,NA,NA,carpentary (wood engraving),wood,NA,NA,Only if the father or uncle themselves are not engraver they will pay a professional engraver to teach the learner,"Austen, 1945: 194-195"
Melanesia,Wogeo,OJ27,Other subsistence combinations,1934,NA,NA,girls before 8,early childhood,2,NA,Adulthood,1,Vertical,mother,Kin-based,showing,NA,NA,cloth making,NA,NA,NA,"This is a journal articled titled ""A New Guinea childhood: from weaning till the eighth year in Wogeo""","Hogbin, 1946: 288"
Melanesia,Wogeo,OJ27,Other subsistence combinations,1934,NA,NA,boys before 8,early childhood,1,NA,Adulthood,1,Vertical,father,Kin-based,co-working,NA,NA,canoe making,NA,NA,NA,The model is aware of the fact that the learner impede his progress but he is still willing to teach,"Hogbin, 1946: 282"
Micronesia,Belau,OR15,Other subsistence combinations,1947-1948,NA,NA,boys,NA,NA,NA,Adulthood,>1,Oblique,man other than father,Success-based,observation,NA,NA,"net making, bowl carving",NA,NA,NA,The learners specifically not to learn from their fathers,"Barnett, 1963: 9"
Micronesia,Chuuk,OR19,Other subsistence combinations,1947-1948,NA,NA,NA,NA,NA,NA,Adulthood,NA,Vertical/Oblique,male lineage memembers,Kin-based,considerable practice,NA,NA,"weapon manufacture including the club, spear, sling, knuckle-duster",NA,NA,restricted to men,Individual practice is very important,"Goodenough, 1951: 53-54"
Micronesia,Chuuk,OR19,Other subsistence combinations,1947-1951,NA,NA,13,adolescence,NA,NA,Adulthood,2,Vertical,parents,Kin-based,individual learning and co-working,NA,NA,woven waist mat making,fiber,NA,NA,The parents laugh at the learner and finish the work by themselves,"Gladwin and Sarason, 1953: 414-415"
Micronesia,Chuuk,OR19,Other subsistence combinations,1947-1951,NA,NA,>13,NA,1,NA,Adulthood,1,Oblique,grandmother in father's side,Kin-based,quick demonstration,NA,NA,basket making,fiber,NA,NA,The model quickly demonstrat the technique and refused to answer questions. The learner did not learn how to make basket.,"Gladwin and Sarason, 1953: 414-415"
Micronesia,Chuuk,OR19,Other subsistence combinations,1947-1951,NA,NA,girl in childhood,NA,NA,NA,Adulthood,1,Vertical,mother,Kin-based,working together,4 month,NA,fish net making,fiber,NA,restricted to women,The learner had health issue during her childhood,"Gladwin and Sarason, 1953: 398; Bollig, 1927: 96-97"
Micronesia,Chuuk,OR19,Other subsistence combinations,1947-1951,NA,NA,girl in childhood,NA,NA,NA,Adulthood,1,Vertical,mother,Kin-based,NA,1 year,NA,cloth making,fiber,NA,NA,The learner had health issue during her childhood,"Gladwin and Sarason, 1953: 398"
Micronesia,Chuuk,OR19,Other subsistence combinations,1947-1948,NA,NA,boy of 17,adolescence,1,NA,Adulthood,1,Vertical,father,Kin-based,coworking,NA,NA,canoe making,wood,NA,NA,The father encouraged son to learn,"Goodenough, 1951: 54-55; Fischer, 1950: 99-100"
Micronesia,Kiribati,OR06,Primarily hunter-gatherers,1963-1964,NA,NA,NA,NA,NA,NA,NA,NA,Vertical/horizontal,parents or close friends,Kin-based/familiarity-based,NA,NA,NA,trap making,plant,NA,family secret,NA,"Koch, 1986: 25-26"
Micronesia,Kiribati,OR06,Primarily hunter-gatherers,1963-1964,NA,NA,girls at an early age,NA,NA,NA,NA,NA,NA,NA,NA,NA,NA,NA,cloth making,NA,NA,restricted to women,NA,"Koch, 1986: 132"
Micronesia,Marshallese,OR11,Other subsistence combinations,1976-1983,NA,NA,girl,NA,NA,NA,Adulthood,1,Oblique,"grandparents, mother, other adults",Kin-based,teach,NA,NA,mat weaving and shaping other prized female goods,NA,NA,restricted to women?,NA,"Carucci, 1987: 2-3; Carucci, 2007: 143-144; Spoehr, 1949: 212"
Micronesia,Marshallese,OR11,Other subsistence combinations,1976-1983,NA,NA,young boy,NA,>1,NA,Adulthood,1,Vertical/Oblique,"grandfather, father, uncle",Kin-based,apprenticeship,NA,NA,canoe making,NA,NA,restricted to men,"Within the past 25 years, however, canoe building has been replaced by the manufacture of plywood motor boats","Carucci, 1987: 2-3; Carucci, 2007: 143-144; Mason, 1947: 107; Spoehr, 1949: 212"
Micronesia,Marshallese,OR11,Other subsistence combinations,1976-1983,NA,NA,young boy,NA,NA,NA,NA,1,NA,NA,NA,instruction,NA,NA,cordage making,fiber,NA,NA,The technology is disappearing among men under 40.,"Carucci, 1987: 4"
Micronesia,Marshallese,OR11,Other subsistence combinations,1946,NA,NA,NA,NA,NA,NA,Adulthood,>1,Vertical/Oblique,parents and other adults,Kin-based/Success-based,association and instruction,NA,NA,cloth making,NA,NA,NA,"In addition to handicraft, they also received education under the influence of Japan and the US. ","Mason, 1947: 107"
Micronesia,Ulithi,OR20,Other subsistence combinations,1947-1949,NA,NA,boys,NA,NA,older people at work,NA,NA,NA,NA,NA,observation,NA,NA,rope making,fiber,NA,NA,No formal instruction in economic skills,"Lessa, 1950: 212"
Micronesia,Woleai Region,OR21,Other subsistence combinations,1947-1948,NA,NA,girls starting to menstruate,adolescence,NA,NA,Adulthood,1,Vertical/Oblique,"mother, other older women",Kin-based/Success-based,observation; asking for help,NA,NA,cloth making,NA,NA,restricted to women,NA,"Burrows and Spiro, 1953: 288-289; Spiro, 1949: 146[2]"
Micronesia,Woleai Region,OR21,Other subsistence combinations,1947-1948,NA,NA,younger man,NA,NA,NA,Adulthood,1,Vertical/Oblique,older men,Success-based,asking for help,NA,NA,fish trap making,NA,NA,restricted to men,NA,"Spiro, 1949: 146[2]"
Polynesia,Bau Fijians,OQ12,Primarily hunter-gatherers,1941-1961,NA,NA,NA,NA,NA,NA,NA,NA,NA,Master-pupil,NA,NA,NA,NA,club making,NA,NA,NA,There is a rich social aspect of this technology that include trible need and fighting need,"Tippet, 1968: 50-53"
Polynesia,Hawaiians,OV05,Other subsistence combinations,NA,NA,NA,boys,NA,NA,NA,Adulthood,>1,Vertical/Oblique,"parents, grandparents",Kin-based,taught,NA,NA,the making of implements for tapa (cloth) work,NA,NA,NA,heriditery skill,"Kamakau et al., 1968: 67"
Polynesia,Maori,OZ04,Primarily hunter-gatherers,Ca. 1920,NA,NA,girls after initiation,NA,NA,NA,NA,NA,Vertical/Oblique,Female relatives,NA,teaching,NA,NA,weaving and basket plaiting,NA,NA,restricted to women?,Many more traditional knowledge are taught in initation school for boys; Weaving has ritual importance,"Firth, 1959: 189-190; Buck, 1952: 361-362"
Polynesia,Maori,OZ04,Primarily hunter-gatherers,Ca. 1910-1945,NA,NA,boys after initation,NA,NA,NA,Adulthood,1,Oblique,Unrelated individuals,Success-based,apprenticeship,NA,NA,carving,wood,NA,restricted to men?,The arrangements were usually made by the elders but sometimes the keen desire of a boy was recognized by a craftsman,"Buck, 1952: 361-362"
Polynesia,Maori,OZ04,Primarily hunter-gatherers,Ca. 1920,NA,NA,youngster,NA,NA,NA,Adulthood,NA,Vertical/Oblique,NA,NA,helping,NA,NA,greenstone sawing,stone,NA,NA,"youngsters were often enlisted to feed sandgrit and water to the cut, while the men sawed with their flint blades","Firth, 1959: 212"
Polynesia,Maori,OZ04,Primarily hunter-gatherers,Ca.1870-1920,NA,NA,boys,NA,NA,NA,NA,NA,NA,NA,NA,NA,NA,NA,canoe making,wood,NA,restricted to men,NA,"Best, 1924: 24-25"
Polynesia,Maori,OZ04,Primarily hunter-gatherers,"1953-1959, 1981-1983",NA,NA,girls,NA,NA,NA,Adulthood,1,Oblique,grandparents,Kin-based,taught,NA,NA,hook making,NA,NA,NA,NA,"Metge, 1995: 184-185"
Polynesia,Maori,OZ04,Primarily hunter-gatherers,1936-1938,NA,NA,boys,NA,NA,NA,NA,NA,Oblique/Horzion,sisters,Kin-based,taught,NA,NA,knitting,NA,NA,no gender restriction,NA,"Hawthorn, 1944: 104"
Polynesia,Marquesas,OX06,Other subsistence combinations,1956-1958,NA,NA,boys,NA,NA,NA,NA,NA,NA,NA,NA,observation and helping,NA,NA,the manufacture of copra and woodworking,NA,NA,NA,NA,"Suggs, 1963: 17-18"
Polynesia,Samoans,OU08,Horticulturalists,1925-1926,NA,NA,girls,NA,NA,Older women,Adulthood,NA,Vertical/Oblique,older women in the household,Kin-based,train,NA,NA,"weaving, bark cloth making",NA,NA,restricted to women?,There is a step-wise approach of learning with increasing difficulty. They seldom finish a fine mat before 19 or 20,"Mead, 1928: 31-33"
Polynesia,Samoans,OU08,Horticulturalists,1926-1927,NA,NA,boys,NA,NA,NA,Adulthoods and older children,>1,Vertical/Oblique/Horizontal,older men of the household and a few skilled boys,Kin-based/Success-based,taught,NA,NA,"netting, the weaving of traps, the making of fish hooks, the carving of coconut shells and kava cups",NA,NA,restricted to men,women's skill are mostly trasmittted within household,"Mead, 1930: 39"
Polynesia,Tikopia,OT11,Other subsistence combinations,1928-1929,NA,NA,boy before 12,NA,NA,NA,NA,NA,NA,NA,NA,self-learning,NA,NA,woodworking,wood,NA,NA,The learner's skill is much higher than his father and brother,"Firth, 1939: 114-115"
Polynesia,Tongans,OU09,Horticulturalists,1806-1910,NA,NA,girls,NA,NA,NA,NA,NA,NA,NA,NA,teaching,NA,NA,suitable arts and manufactures,NA,NA,resctricted to women,NA,"Mariner and Martin, 1818: 287-290"
Polynesia,Tongans,OU09,Horticulturalists,1938-1939,NA,NA,girls of 12-16,middle childhood,NA,NA,Adulthood,1,Vertical,mother,Kin-based,NA,NA,NA,mat making,NA,NA,restricted to women,NA,"Beaglehole and Beaglehole, 1941: 47-48"
Polynesia,Tongans,OU09,Horticulturalists,1938-1939,NA,NA,girls at the time of marriage,adolescence,NA,NA,Adulthood,1,Vertical,mother,Kin-based,NA,NA,NA,cloth making,NA,NA,restricted to women,NA,"Beaglehole and Beaglehole, 1941: 47-48"
Polynesia,Tongans,OU09,Horticulturalists,1951-1952,NA,NA,girls of 10 or 12,middle childhood,NA,NA,NA,NA,NA,NA,NA,helping,NA,NA,plaitwork,NA,NA,restricted to women,mandatory school attendance,"Koch and Schütze, 1955: 337-338"
Amazon and Orinoco,Amahuaca,SE06,Other subsistence combinations,1974-1977,NA,NA,boys before 10 (6-12),early childhood,NA,NA,NA,NA,NA,NA,NA,NA,NA,NA,bow and arrow making,NA,NA,restricted to men,NA,"Woodside, 2014: 301, 304"
Amazon and Orinoco,Amahuaca,SE06,Other subsistence combinations,1960-1961,NA,NA,girls before marriage,NA,NA,NA,Adulthood,1,Vertical,mother,Kin-based,teach,NA,NA,"pottery making, hammock making",NA,NA,restricted to women,NA,"Dole, 1974: 3-4"
Amazon and Orinoco,Jivaro,SD09,Horticulturalists,"1956-1957, 1964, 1969",NA,NA,girls of six or older,early childhood,NA,NA,Adulthood,1,Vertical,mother,Kin-based,imitation and experimenting,NA,NA,pottery making,clay,NA,restricted to women,"A boy who may be tempted to work with clay is discouraged by his father, who advises him not to touch it or else the boy's penis will one day stay soft and limp like a coil of clay.",Harner 1973: 92-93
Amazon and Orinoco,Jivaro,SD09,Horticulturalists,"1956-1957, 1964, 1969",house,indoor,boys of 6,early childhood,NA,NA,Adulthood,1,Vertical,father,Kin-based,individual learning and encouragement,NA,NA,basket making,NA,NA,restricted to men,Individual learning starts from making miniatures,Harner 1973: 92-93
Amazon and Orinoco,Ndyuka,SR14,Horticulturalists,1948-1958,NA,NA,boys of 12 or 13,middle childhood,NA,NA,NA,NA,Vertical/Oblique,"guardian, older comrade",Kin-based,"observation, co-working, apprenticeship",several years,NA,boat making,wood,NA,restricted to men?,gendered skills.,"Hurault and Winchell, 1961: 192, 194"
Amazon and Orinoco,Pumé,SS19,Other subsistence combinations,1933-1934,NA,NA,toddler,infancy,NA,NA,Adulthood,NA,Vertical,father,Kin-based,accompanying father,NA,NA,bow and arrows,NA,NA,restricted to men,hunting here mainly means crocodile hunting,"Petrullo, 1939: 202"
Amazon and Orinoco,Pumé,SS19,Other subsistence combinations,1933-1934,NA,NA,girls in babyhood,infancy,NA,NA,Adulthood,1,Vertical,mother,Kin-based,participation,NA,NA,basketery and pottery making,NA,NA,NA,NA,"Petrullo, 1939: 231"
Amazon and Orinoco,Saramaca,SR15,Other subsistence combinations,1928-1929,NA,NA,boys,NA,NA,NA,Adulthood,1,Oblique,maternal uncle,Kin-based,observation and co-working,NA,NA,woodworking,NA,NA,restricted to men,gendered skill,"Herskovits et al., 1934: 215"
Amazon and Orinoco,Shipibo,SE26,Horticulturalists,Ca. 1930s-1974,NA,NA,boy,NA,NA,NA,Adulthood,1 or more,Vertical/Oblique,"father, grandfather",Kin-based,instruction and helping,NA,NA,"canoe making, bow and arrows, house making",NA,NA,restricted to men?,gendered skills,"Eakin, Lauriault, and Boonstra, 1986: 51"
Amazon and Orinoco,Shipibo,SE26,Horticulturalists,Ca. 1930s-1974,NA,NA,girl,NA,NA,NA,Adulthood,1,Vertical,mother,Kin-based,"informal observation and imitation, working alongside",NA,NA,string beads and make pottery,NA,NA,restricted to women?,gendered skills,"Eakin, Lauriault, and Boonstra, 1986: 51"
Amazon and Orinoco,Shipibo,SE26,Horticulturalists,1975-1978,NA,NA,girl,NA,NA,NA,Adulthood,1,Vertical,mother,Kin-based,"no verbal instruction, guided motor learning",NA,NA,textile painting,dye,NA,NA,NA,"Roe, 1980: 52"
Amazon and Orinoco,Sirionó,SF21,Hunter-gatherers,1940-1941,NA,NA,boys of 8-12,early childhood,NA,NA,Adulthood,1,Vertical,father,Kin-based,NA,NA,NA,bow and arrow making,NA,NA,restricted to men,They also learned how to repair bow and arrows,"Holmberg, 1950: 79-80"
Amazon and Orinoco,Tukano,SQ19,Other subsistence combinations,1968-1970,NA,NA,boys during initation,adolescence,>1,Elders,Adulthood,NA,Oblique,elders,prestige-based,teach,a few days,NA,"basket making, ornament making, and fish trap weaving; war weapons",NA,NA,NA,The initation itself is restrcited to men. Basketery has no gender restriction,"Hugh-Jones, 1979a: 86-87; Hugh-Jones, 1979b: 144"
Amazon and Orinoco,Tukano,SQ19,Other subsistence combinations,1939-1940,NA,NA,boys,NA,NA,NA,Adulthood and age mate,>!,Vertical/Oblique/Horizontal,elders and deft age mate,Sucess-based/Familiarity-based,observation and helping,NA,NA,"canoe, line, fish net, basket traps, splint weirs, bow and arrows",NA,NA,restricted to men,NA,"Goldman, 1963: 55-56"
Amazon and Orinoco,Warao,SS18,Hunter-gatherers,1954-1969,within the confines of the village,outdoor settlement,3/pre-puberty boys,infancy,>1,NA,Adulthood,1,Vertical/Oblique,father,Success-based/Kin-based,observation only,several weeks,NA,canoe making,wood,NA,restricted to men,"two stages. protracted learning process, when they reach 25 or 28 they started to learning supernatural aspect of canoe making","Wilbert, 1976: 323, 350; Wilbert, 1977: 23"
Amazon and Orinoco,Warao,SS18,Hunter-gatherers,1954-1969,within the confines of the village,outdoor settlement,adolescence/13,adolescence,1,NA,Adulthood,1,Vertical,father,Kin-based,correction and instruction,5 years + 6/7 years,NA,canoe making,wood,NA,restricted to men,correction is much more frequent than teaching; 5 years for create one's own canoe and 6 and 7 years more marks the end of training.,"Wilbert, 1976: 323, 350; Wilbert, 1977: 23"
Amazon and Orinoco,Warao,SS18,Hunter-gatherers,1954-1969,NA,NA,postpuberty girls,adolescence,NA,NA,Adulthood,1,Vertical,mother,Kin-based,teach,NA,NA,hammock making,NA,NA,restricted to women,They are not alllowed to learn canoe making,"Wilbert, 1976: 318-319; Heinen, 1988: 105; Heinan, 1973: 469"
Central Andes,Aymara,SF05,Horticulturalists,1961-1962,NA,NA,little boys,early childhood,NA,NA,NA,NA,NA,NA,NA,individual learning,NA,NA,toy making,NA,NA,NA,NA,"Hickman, 1971: 51-52"
Central Andes,Aymara,SF05,Horticulturalists,1961-1969,NA,NA,girls,NA,NA,NA,Adulthood,1,Vertical,mother,Kin-based,NA,NA,NA,weaving,NA,NA,no gender restrictions,NA,"Buechler and Buechler, 1971: 25"
Central Andes,Aymara,SF05,Horticulturalists,1961-1969,NA,NA,boys,NA,NA,NA,Adulthood,1,Vertical,father,Kin-based,model helping,NA,NA,"weaving, net making",NA,NA,no gender restrictions,"The weaving technology itself has no gender restriction, but the weaving of specific objects could be gender specific","Buechler and Buechler, 1971: 25"
Central Andes,Otavalo Quichua,SD16,Horticulturalists,1940-1941,house,indoor,girls before 14,NA,NA,NA,NA,NA,NA,NA,Kin-based,practice,NA,NA,pottery making,NA,NA,NA,pottery making is a hereditary craft in certain families,"Parsons, 1945: 25"
Central Andes,Otavalo Quichua,SD16,Horticulturalists,1940-1941,NA,NA,girls,NA,NA,NA,Adulthood,1,Vertical,mother,Kin-based,taught,NA,NA,coiling,NA,NA,NA,NA,"Parsons, 1945: 25"
Central Andes,Saraguro Quichua,SD17,Agro-pastoralists,1962-1972,NA,NA,children,NA,NA,NA,NA,NA,NA,NA,NA,NA,NA,NA,cloth making,NA,NA,no gender restrictions,NA,"Belote, 1983: 102-103"
Eastern South America,Bororo,SP08,Hunter-gatherers,1965-1967,NA,NA,boys before initation,NA,NA,NA,Adulthood,1,Vertical,father,Kin-based,taught,NA,NA,ornament making,NA,NA,NA,NA,"Levak, 1974: 98-99"
Eastern South America,Bororo,SP08,Hunter-gatherers,1931,NA,NA,boys,NA,NA,NA,Adulthood,NA,NA,NA,NA,taught,NA,NA,bow and arrow making,NA,NA,restricted to men,Not sure what is Biiju,"Petrullo, 1972: 173"
Eastern South America,Guaraní,SM04,Other subsistence combinations,1946-1962,NA,NA,boys after voice change/8-10,middle childhood,NA,NA,NA,NA,Vertical,father-son,Kin-based,apprenticeship,NA,NA,"the manufacture of adjó (carrying baskets) and sieves, the tasks in the clearings, the construction of traps; the technique of plaiting and the manufacture of the most diverse artifacts",NA,NA,restricted to men,"During the pubery period, boys are not allowed to eat meat to avoid contanmination","Schaden and Lewinsóhn, 1962: 113-114; 96-97"
Eastern South America,Guaraní,SM04,Other subsistence combinations,1946-1962,NA,NA,adolescent girls,adolescence,NA,NA,Adulthood,2,Oblique,maternal or paternal grandmother,Kin-based,teach,NA,NA,"cloth, hammock, and jewery making",NA,NA,restricted to women,gendered skill,"Schaden and Lewinsóhn, 1962: 113-114"
Eastern South America,Guaraní,SM04,Other subsistence combinations,1943,NA,NA,boys,NA,NA,NA,Adulthood,1,Vertical,father,Kin-based,teach,NA,NA,bow making,NA,NA,restricted to men,gendered skill,"Watson and Lillios, 1944: 13"
Eastern South America,Tapirapé,SP22,Other subsistence combinations,"1939-1940, 1953, 1957, 1965",NA,NA,boy,NA,NA,NA,Adulthood,NA,Vertical/Oblique,NA,NA,observation only,NA,NA,"basket weaving, making bow and straight arrows, spirit mask making",NA,NA,NA,NA,"Wagley, 1977: 150"
Eastern South America,Tapirapé,SP22,Other subsistence combinations,1939-1953,NA,NA,men,adulthood,NA,NA,Adulthood,NA,NA,NA,NA,NA,NA,NA,basket making,NA,NA,restricted to men,NA,"Wagley, 1955: 104-105"
Eastern South America,Tupinamba,SO09,Primarily hunter-gatherers,NA,NA,NA,girls,NA,NA,NA,Adulthood,1,Vertical,mother,Kin-based,taught,NA,NA,"spinning cotton, making hammocks, and making basketry and pottery",NA,NA,restricted to women,NA,"Beierle, 2003: 6"
Eastern South America,Xavante,SP26,Primarily hunter-gatherers,"1958, 1962, 1964",bachelor's house,indoor,boys of 7-12,early childhood,>1,NA,Adulthood,>1,Oblique,older men,Kin-based,taught,NA,NA,"weapon, sleeping mats, regalia making",NA,NA,NA,collective learning environment,"Maybury-Lewis, 1967: 111"
Northwestern South America,Chachi,SD06,Other subsistence combinations,1959-1960,monte,outdoor field,boys 9-13,middle childhood,NA,NA,Adulthood,1,Vertical,father,Kin-based,accompanying father,NA,NA,canoe making,wood,NA,resctricted to men,from earlier periods they start to play with drifting logs,"Altschuler, 1965: 15-16; Skoggard, 2012: 4"
Northwestern South America,Chachi,SD06,Other subsistence combinations,1908-1909,NA,NA,girls of 5 or 6,early childhood,NA,NA,NA,NA,NA,NA,NA,NA,NA,NA,"pottery, basketry, spinning and weaving",NA,NA,restricted to women,gender skill,"Barrett, 1925: 41; Skoggard, 2012: 4"
Northwestern South America,Goajiro,SC13,Pastoralists,NA,NA,NA,girl during seclusion,NA,1,NA,Adulthood,NA,Vertical/Oblique,mother or female caretaker (e.g. aunt),Kin-based,instruction,1-5 years,NA,weaving,NA,NA,restricted to women,The time of seclusion is not explicitly described in the paper; boys receive instruction on economic skill from uncles,"Watson-Franke and Watson, 1986: 146-147; Watson, 1967: 8"
Northwestern South America,Goajiro,SC13,Pastoralists,1947,NA,NA,boys,NA,NA,NA,Adulthood,>1,Oblique,"maternal uncle, head of prestige",Kin-based/Prestige-based,indirect training,NA,NA,weapon making,NA,NA,restricted to men,Boys learn during the war,"Gutiérrez de Pineda and Muirden, 1950: 51-52; Watson, 1967: 5-6"
Northwestern South America,Goajiro,SC13,Pastoralists,NA,NA,NA,girls at first mensturation,middle childhood,NA,NA,NA,NA,NA,NA,NA,NA,NA,NA,"weaving, sewing, and making hammocks",NA,NA,restricted to women,"Poor girls are secluded only a few weeks, rich girls up to 2 years","Armstrong and Métraux, 1948: 378-379"
Northwestern South America,Goajiro,SC13,Pastoralists,NA,NA,NA,girls,NA,NA,NA,Adulthood,1,Vertical,mother,Kin-based,helping,NA,NA,weaving and pottery making,NA,NA,restricted to women,NA,"Watson, 1967: 5-6"
Northwestern South America,Kogi,SC07,Horticulturalists,NA,NA,NA,male child,NA,NA,NA,Adulthood,1,Oblique,priest,prestige-based,teach,NA,easy,weaving or pottery making,NA,NA,restricted to men,Easy to learn,"Reichel-Dolmatoff, 1976: 281; Reichel-Dolmatoff and Muirden, 1951:137-138"
Northwestern South America,Kogi,SC07,Horticulturalists,1946-1950,NA,NA,boys of 6-12,early childhood,NA,NA,Adulthood,1,Vertical,father,Kin-based,observation,NA,NA,"to twist cabuyas, to weave on the loom",NA,NA,NA,NA,"Reichel-Dolmatoff and Muirden, 1951: 227-228"
Northwestern South America,Kogi,SC07,Horticulturalists,1946-1950,NA,NA,girls of 6-12,early childhood,NA,NA,Adulthood,1,Vertical,mother,Kin-based,helping and observation,NA,NA,bag weaving,NA,NA,NA,NA,"Reichel-Dolmatoff and Muirden, 1951: 227-228"
Southern South America,Chorote,SK06,Hunter-gatherers,1901-1902,NA,NA,boys,NA,NA,NA,NA,NA,NA,NA,NA,NA,NA,NA,bow making,NA,NA,NA,NA,"Rosen, 1924: 155-156"
Southern South America,Ona,SH04,Hunter-gatherers,1919-1923,Great Hut,indoor,boys during initation,NA,>1,NA,NA,NA,NA,NA,NA,NA,NA,NA,"arrow making, making of some implements",NA,NA,restricted to men,NA,"Gusinde, 1931: 1451-1452, 500"
Southern South America,Tehuelche,SH05,Hunter-gatherers,NA,NA,NA,children,NA,NA,NA,NA,NA,Vertical/Oblique,parents and other band members,Kin-based,NA,NA,NA,weaving and toolmaking,NA,NA,NA,children are seldom corrected by parents,"Adem, 2009: 3"
Southern South America,Tehuelche,SH05,Hunter-gatherers,1869-1870,NA,NA,girls 9-10,middle childhood,NA,NA,NA,NA,NA,NA,NA,NA,NA,NA,household manufacture,NA,NA,restricted to women,NA,"Musters, 1873: 186"
Southern South America,Yahgan,SH06,Hunter-gatherers,1918-1924,NA,NA,girls,NA,NA,NA,Adulthood,1,Vertical,mother,Kin-based,little instruction,NA,NA,basket-making,NA,NA,restricted to women,Other adults may also contribute?,"Gusinde and Schütze, 1937: 563, 582"
Southern South America,Yahgan,SH06,Hunter-gatherers,1918-1924,NA,NA,little boys,NA,NA,NA,NA,NA,NA,NA,NA,NA,NA,NA,spear making,NA,NA,restricted to men,Other adults may also contribute?,"Gusinde and Schütze, 1937: 579"
Southern South America,Yahgan,SH06,Hunter-gatherers,1918-1924,NA,NA,girls,NA,NA,NA,NA,NA,NA,NA,NA,observation and little instruction,NA,NA,"dressing skins, weaving baskets, making little ornamental strings",NA,NA,restricted to women,NA,"Gusinde and Schütze, 1937: 581"
